,customer_id,recency,frequency,monetary
0,1,0,4.791208791208791,333.0
1,2,3,1.6265560165975104,1021.65
2,3,5,1.0805555555555555,2082.15
3,4,3,4.574468085106383,314.75
4,5,0,6.357142857142857,276.0
5,6,8,3.0434782608695654,511.8
6,7,1,3.7758620689655173,595.1
7,8,3,3.3053435114503817,631.05
8,9,3,3.1194029850746268,627.15
9,10,0,3.5491803278688523,504.2
10,11,1,3.680672268907563,494.35
11,12,2,3.8559322033898304,431.25
12,13,7,6.630769230769231,281.4
13,14,0,2.972413793103448,483.7
14,15,8,2.136125654450262,767.65
15,16,3,2.6862745098039214,832.25
16,17,10,22.95,65.10000000000001
17,18,8,3.4959349593495936,536.65
18,19,5,5.766233766233766,344.2
19,20,2,4.047169811320755,485.0
20,21,0,7.533333333333333,261.0
21,22,0,1.476534296028881,1295.35
22,23,3,4.1568627450980395,398.3
23,24,4,3.130434782608696,625.65
24,25,1,2.8979591836734695,685.05
25,26,10,1.5634920634920635,1119.65
26,27,2,7.694915254237288,185.2
27,28,2,1.7043478260869565,1577.25
28,29,0,5.364705882352941,423.0
29,30,8,3.246268656716418,491.0
30,31,0,5.779220779220779,330.0
31,32,3,5.380952380952381,314.75
32,33,1,2.7346938775510203,845.85
33,34,2,2.7468354430379747,913.75
34,35,5,2.1956521739130435,815.85
35,36,4,6.323943661971831,384.0
36,37,2,3.962962962962963,500.3
37,38,0,3.6721311475409837,529.15
38,39,8,2.7658227848101267,1146.95
39,40,2,2.735483870967742,867.85
40,41,8,2.88,611.15
41,42,8,2.8456375838926173,715.5
42,43,0,3.53781512605042,510.6
43,44,7,3.223076923076923,551.75
44,45,2,6.414285714285715,790.65
45,46,4,2.728476821192053,663.05
46,47,2,4.055555555555555,536.4
47,48,3,2.3592814371257487,756.1
48,49,3,5.068965517241379,346.05
49,50,16,3.488,500.0
50,51,7,3.643478260869565,445.1
51,52,2,2.8732394366197185,685.5
52,53,2,2.2051282051282053,920.8
53,54,0,3.1954887218045114,571.9
54,55,3,3.954954954954955,499.2
55,56,0,5.117647058823529,387.4
56,57,0,3.464,562.5
57,58,3,2.65625,803.4
58,59,3,3.9910714285714284,431.7
59,60,2,2.7712418300653594,863.84
60,61,11,5.544303797468355,429.8
61,62,8,3.990740740740741,492.15
62,63,0,3.8828828828828827,436.45
63,64,5,2.4578313253012047,694.85
64,65,0,2.2032085561497325,1160.5
65,66,10,3.1691176470588234,648.5
66,67,1,3.7094017094017095,609.65
67,68,16,5.631578947368421,442.0
68,69,5,2.2324324324324323,917.5
69,70,2,2.4702380952380953,757.2
70,71,19,4.198019801980198,591.9499999999999
71,72,1,4.178217821782178,350.5
72,73,0,5.414634146341464,407.0
73,74,2,4.515463917525773,435.4
74,75,1,3.831858407079646,488.4
75,76,3,3.5833333333333335,519.35
76,77,3,13.617647058823529,157.4
77,78,2,8.127272727272727,270.0
78,79,19,8.461538461538462,234.75
79,80,2,2.526627218934911,681.75
80,81,0,1.9761904761904763,856.35
81,82,1,3.1838235294117645,647.25
82,83,7,3.114503816793893,556.75
83,84,10,4.09433962264151,555.75
84,85,6,6.5,272.55
85,86,0,5.69620253164557,366.2
86,87,0,3.158273381294964,527.6
87,88,8,3.7767857142857144,432.1
88,89,4,4.988505747126437,372.5
89,90,16,2.2742857142857145,709.85
90,91,18,4.531914893617022,463.9
91,92,1,3.6864406779661016,528.0
92,93,9,9.479166666666666,246.0
93,94,1,3.6666666666666665,578.85
94,95,3,3.159090909090909,573.3
95,96,3,5.235294117647059,323.4
96,97,1,8.070175438596491,286.4
97,98,3,2.0871794871794873,905.5
98,99,2,3.0144927536231885,730.45
99,100,0,1.8798076923076923,1002.3
100,101,6,1.957142857142857,857.9
101,102,6,5.141176470588236,380.0
102,103,8,7.233333333333333,276.25
103,104,9,6.405797101449275,328.0
104,105,1,2.8187919463087248,769.95
105,106,0,10.454545454545455,192.15
106,107,3,3.0428571428571427,611.55
107,108,0,4.29126213592233,483.6
108,109,4,3.4065040650406506,554.85
109,110,3,5.162790697674419,436.15
110,111,1,3.6779661016949152,484.5
111,112,8,3.9444444444444446,499.5
112,113,1,3.58974358974359,490.5
113,114,0,3.9375,462.1
114,115,3,2.2473684210526317,881.5
115,116,1,2.888157894736842,767.0
116,117,0,2.324324324324324,790.15
117,118,10,3.0661764705882355,684.0
118,119,0,3.167883211678832,709.2
119,120,3,3.1417910447761193,642.0
120,121,2,4.846153846153846,491.2
121,122,20,3.8256880733944953,466.5
122,123,23,11.447368421052632,196.2
123,124,5,4.802197802197802,460.95
124,125,8,3.849557522123894,500.15000000000003
125,126,6,5.317647058823529,425.25
126,127,3,4.169811320754717,531.55
127,128,4,3.3046875,596.1
128,129,3,6.347222222222222,352.5
129,130,6,2.4759036144578315,1189.05
130,131,3,2.835526315789474,686.75
131,132,6,5.337349397590361,461.05
132,133,4,3.185185185185185,613.75
133,134,16,3.6140350877192984,520.7
134,135,8,2.247191011235955,1179.3
135,136,0,2.7655172413793103,736.05
136,137,25,8.10909090909091,212.0
137,138,0,3.0431654676258995,533.8
138,139,0,8.089285714285714,257.1
139,140,1,5.0,437.0
140,141,3,1.6058091286307055,945.55
141,142,0,5.172413793103448,296.5
142,143,1,3.3801652892561984,624.3
143,144,17,8.94,264.95
144,145,0,2.4350282485875705,807.75
145,146,5,5.794871794871795,294.75
146,147,8,6.464788732394366,243.9
147,148,8,5.095238095238095,303.34999999999997
148,149,3,3.6,521.2
149,150,10,6.3478260869565215,262.25
150,151,6,2.7902097902097904,489.75
151,152,2,5.580246913580247,378.5
152,153,24,13.84375,192.5
153,154,19,2.8503401360544216,683.9
154,155,3,5.373493975903615,405.95
155,156,0,3.5121951219512195,608.25
156,157,4,3.4444444444444446,520.55
157,158,0,1.9808612440191387,763.25
158,159,9,4.787234042553192,425.0
159,160,4,4.5625,452.25
160,161,1,7.622950819672131,251.70000000000002
161,162,4,2.971223021582734,609.55
162,163,1,7.09375,288.5
163,164,4,4.505050505050505,400.65
164,165,21,9.608695652173912,191.7
165,166,3,3.2213740458015265,509.0
166,167,1,2.375,810.05
167,168,6,2.36,654.45
168,169,2,2.9115646258503403,596.55
169,170,2,3.8205128205128207,752.2
170,171,1,5.802631578947368,377.25
171,172,3,3.143884892086331,557.6
172,173,7,2.9788732394366195,766.75
173,174,6,2.540880503144654,671.85
174,175,0,3.8596491228070176,467.25
175,176,4,2.75,797.5
176,177,1,6.0,323.0
177,178,3,3.830357142857143,380.75
178,179,4,2.902097902097902,562.0
179,180,1,2.779220779220779,684.55
180,181,0,4.155339805825243,447.45
181,182,1,3.973684210526316,531.75
182,183,1,3.5853658536585367,535.0
183,184,6,3.6324786324786325,591.85
184,185,7,6.054054054054054,300.1
185,186,1,2.1780104712041886,750.65
186,187,18,8.163636363636364,254.85
187,188,21,5.023255813953488,531.75
188,189,0,2.3333333333333335,933.65
189,190,16,3.734513274336283,451.8
190,191,6,3.1838235294117645,554.4
191,192,9,1.761061946902655,958.5
192,193,4,3.007142857142857,624.45
193,194,4,2.3684210526315788,865.6
194,195,7,3.5121951219512195,450.75
195,196,1,4.252336448598131,392.15000000000003
196,197,8,3.328,497.8
197,198,0,5.922077922077922,479.15000000000003
198,199,3,3.269230769230769,411.35
199,200,2,3.3233082706766917,556.75
200,201,6,5.0227272727272725,396.3
201,202,8,1.990521327014218,944.0
202,203,5,4.842696629213483,489.45
203,204,1,4.604166666666667,561.75
204,205,7,3.2265625,666.55
205,206,2,3.2330827067669174,532.75
206,207,9,14.838709677419354,150.0
207,208,3,2.269230769230769,696.8
208,209,8,2.494047619047619,702.0
209,210,3,3.416,530.9
210,211,1,3.4745762711864407,510.15
211,212,6,3.6271186440677967,510.55
212,213,3,3.8205128205128207,509.5
213,214,8,1.8045454545454545,1247.5
214,215,6,2.274193548387097,896.4
215,216,3,2.4709302325581395,772.85
216,217,6,7.842105263157895,274.0
217,218,17,4.125,690.55
218,219,2,6.36231884057971,354.2
219,220,0,4.610526315789474,330.5
220,221,1,2.1584158415841586,894.15
221,222,3,4.8478260869565215,491.45
222,223,3,3.52991452991453,536.25
223,224,0,2.1881720430107525,827.8
224,225,2,12.666666666666666,129.5
225,226,20,4.866666666666666,414.4
226,227,11,4.537634408602151,284.2
227,228,3,7.6909090909090905,247.5
228,229,0,3.0217391304347827,724.1
229,230,0,3.496124031007752,499.2
230,231,4,5.045454545454546,410.3
231,232,4,7.844827586206897,262.1
232,233,6,6.333333333333333,310.7
233,234,2,5.8076923076923075,405.0
234,235,0,4.259615384615385,388.15
235,236,3,3.7155172413793105,418.45
236,237,1,2.952054794520548,557.5
237,238,2,4.612903225806452,365.85
238,239,12,4.3979591836734695,472.7
239,240,0,4.169811320754717,398.65
240,241,4,3.082706766917293,684.2
241,242,4,2.5534591194968552,717.9
242,243,1,4.617021276595745,311.2
243,244,18,3.9711538461538463,634.0
244,245,1,6.5285714285714285,205.5
245,246,6,3.1603053435114505,623.55
246,247,0,2.165775401069519,889.4
247,248,1,2.9452054794520546,562.8
248,249,12,2.160621761658031,651.6
249,250,2,3.669491525423729,476.0
250,251,0,2.8187919463087248,637.0
251,252,2,3.625,633.5
252,253,0,3.911504424778761,494.65
253,254,3,4.153846153846154,426.0
254,255,4,4.577319587628866,477.7
255,256,1,9.183673469387756,211.5
256,257,6,4.720430107526882,317.7
257,258,4,4.831460674157303,425.65
258,259,7,4.888888888888889,460.9
259,260,12,4.32,380.15
260,261,11,11.292682926829269,161.25
261,262,1,5.767123287671233,406.0
262,263,0,2.6907894736842106,632.3
263,264,2,4.74468085106383,426.55
264,265,9,4.453608247422681,653.35
265,266,3,8.035714285714286,179.3
266,267,3,2.9791666666666665,792.5
267,268,20,4.786516853932584,369.75
268,269,1,3.1691176470588234,588.2
269,270,6,6.470588235294118,362.5
270,271,5,4.41,394.2
271,272,1,1.6455696202531647,955.3
272,273,18,3.6050420168067228,403.0
273,274,0,3.603305785123967,532.6
274,275,1,5.569620253164557,404.25
275,276,5,2.130890052356021,766.05
276,277,7,5.320987654320987,310.6
277,278,4,3.049645390070922,605.5
278,279,7,2.9183673469387754,590.2
279,280,1,3.0425531914893615,697.25
280,281,1,2.606451612903226,654.25
281,282,2,2.9854014598540144,530.9
282,283,3,3.6610169491525424,522.55
283,284,7,4.271844660194175,407.3
284,285,3,3.1690140845070425,527.2
285,286,3,2.801324503311258,698.6
286,287,11,6.070422535211268,222.6
287,288,1,3.7777777777777777,536.3
288,289,8,3.377952755905512,593.4
289,290,5,8.148148148148149,285.0
290,291,0,3.1079136690647484,582.05
291,292,23,9.761904761904763,185.9
292,293,9,5.2976190476190474,371.75
293,294,1,3.430894308943089,610.05
294,295,10,4.824175824175824,330.3
295,296,4,7.383333333333334,258.5
296,297,5,5.01123595505618,458.5
297,298,9,4.954545454545454,353.1
298,299,7,5.317073170731708,378.0
299,300,4,3.2519083969465647,550.7
300,301,6,2.2216216216216216,686.6
301,302,3,2.7058823529411766,724.7
302,303,12,7.75,238.5
303,304,6,4.625,461.2
304,305,3,3.558333333333333,574.1
305,306,17,3.0,927.25
306,307,0,2.93006993006993,579.6
307,308,12,6.013513513513513,292.65
308,309,1,5.589743589743589,366.5
309,310,3,5.555555555555555,362.75
310,311,1,2.6305732484076434,572.0
311,312,5,4.612903225806452,346.3
312,313,1,2.7662337662337664,671.45
313,314,3,3.8157894736842106,531.3
314,315,0,3.5867768595041323,586.8
315,316,17,4.894117647058824,360.5
316,317,2,2.263440860215054,818.3
317,318,2,3.0441176470588234,602.85
318,319,9,1.1820987654320987,1282.1
319,320,3,1.4692307692307693,1071.55
320,321,0,3.2971014492753623,569.9
321,322,2,2.46242774566474,819.45
322,323,4,2.4705882352941178,630.7
323,324,4,4.284313725490196,457.6
324,325,5,2.5301204819277108,743.25
325,326,4,3.603305785123967,578.8
326,327,5,3.5785123966942147,558.1
327,328,3,1.8217391304347825,1242.3
328,329,1,2.5337423312883436,743.35
329,330,2,2.6163522012578615,665.75
330,331,5,3.9908256880733943,492.25
331,332,5,4.145631067961165,593.0
332,333,2,5.148148148148148,276.75
333,334,8,6.602941176470588,223.0
334,335,8,2.5963855421686746,590.2
335,336,1,3.4761904761904763,573.25
336,337,3,3.9541284403669725,406.45
337,338,0,2.314917127071823,794.2
338,339,27,20.318181818181817,137.0
339,340,1,2.9645390070921986,655.6
340,341,0,3.3076923076923075,489.7
341,342,2,2.484472049689441,1178.95
342,343,6,4.953488372093023,391.0
343,344,0,2.6748466257668713,756.35
344,345,12,5.301204819277109,320.8
345,346,0,3.6186440677966103,482.35
346,347,0,2.35195530726257,630.3
347,348,22,16.285714285714285,132.0
348,349,27,22.45,119.0
349,350,4,3.6666666666666665,451.75
350,351,3,5.176470588235294,502.0
351,352,0,2.9926470588235294,548.55
352,353,4,4.36734693877551,401.05
353,354,8,5.011627906976744,360.3
354,355,5,2.2406417112299466,756.95
355,356,0,3.4488188976377954,638.7
356,357,3,5.958904109589041,294.0
357,358,3,5.357142857142857,333.4
358,359,26,39.6,55.0
359,360,5,5.458823529411765,368.3
360,361,0,2.2320441988950277,800.7
361,362,12,6.220588235294118,291.9
362,363,1,6.565217391304348,247.65
363,364,4,4.401960784313726,451.3
364,365,1,11.575,157.0
365,366,7,8.145454545454545,210.0
366,367,8,6.0,263.75
367,368,6,3.063380281690141,517.85
368,369,1,6.5,328.15
369,370,18,2.9194630872483223,686.85
370,371,24,4.2727272727272725,385.25
371,372,0,6.632352941176471,252.35
372,373,17,7.229508196721311,206.0
373,374,5,3.487603305785124,499.7
374,375,9,7.610169491525424,289.75
375,376,0,5.090909090909091,412.5
376,377,1,4.479591836734694,470.95
377,378,0,2.644171779141104,609.6
378,379,2,3.074074074074074,499.95
379,380,13,9.02127659574468,186.75
380,381,2,1.9904306220095693,869.8
381,382,10,4.037383177570093,410.8
382,383,2,4.058252427184466,436.75
383,384,5,2.2041884816753927,833.3000000000001
384,385,1,15.413793103448276,95.5
385,386,2,4.628865979381444,329.0
386,387,0,4.41,446.0
387,388,5,2.202127659574468,1185.05
388,389,8,4.6875,449.5
389,390,5,4.1415094339622645,460.7
390,391,6,3.9375,512.5
391,392,4,2.803921568627451,731.75
392,393,8,4.161904761904762,601.0
393,394,4,4.455445544554456,865.0
394,395,10,2.574074074074074,639.9
395,396,0,2.004854368932039,870.4499999999999
396,397,5,12.63888888888889,149.3
397,398,0,3.4015748031496065,555.4
398,399,2,4.652631578947369,463.0
399,400,2,3.3,778.85
400,401,3,4.610526315789474,401.3
401,402,11,6.382352941176471,374.0
402,403,2,2.1052631578947367,753.3
403,404,2,4.0576923076923075,390.05
404,405,3,11.097560975609756,187.5
405,406,5,2.255434782608696,831.75
406,407,0,4.155339805825243,457.65
407,408,2,2.4678362573099415,896.7
408,409,10,2.1354166666666665,831.95
409,410,2,1.7004219409282701,912.45
410,411,3,4.0476190476190474,441.3
411,412,5,8.10909090909091,194.5
412,413,19,7.0,368.3
413,414,0,3.919642857142857,594.5
414,415,18,7.433333333333334,248.0
415,416,5,4.101851851851852,549.9
416,417,5,6.055555555555555,274.75
417,418,8,3.672268907563025,665.65
418,419,4,7.982142857142857,286.6
419,420,2,1.2762237762237763,1321.25
420,421,2,5.756410256410256,278.3
421,422,6,7.193548387096774,264.05
422,423,5,3.918181818181818,483.85
423,424,2,2.8767123287671232,597.05
424,425,1,3.920353982300885,555.25
425,426,3,4.211538461538462,403.55
426,427,25,70.66666666666667,28.0
427,428,0,2.580246913580247,787.2
428,429,6,2.366279069767442,761.0
429,430,0,1.9674418604651163,882.45
430,431,1,4.394230769230769,476.15
431,432,1,1.7456896551724137,1057.4
432,433,3,4.213592233009709,514.0
433,434,0,4.08411214953271,458.55
434,435,2,3.5163934426229506,799.4
435,436,2,6.449275362318841,355.5
436,437,1,1.8915094339622642,934.5
437,438,1,2.4651162790697674,740.6
438,439,0,5.2023809523809526,407.5
439,440,3,1.9282296650717703,762.5
440,441,0,3.4453125,508.35
441,442,2,8.660377358490566,243.0
442,443,0,9.456521739130435,244.3
443,444,0,3.237037037037037,714.3
444,445,7,15.931034482758621,144.0
445,446,0,2.1464646464646466,966.15
446,447,0,2.7115384615384617,771.95
447,448,2,2.8026315789473686,669.75
448,449,1,3.7948717948717947,478.55
449,450,4,4.463917525773196,534.2
450,451,0,7.775862068965517,282.9
451,452,1,6.776119402985074,328.4
452,453,11,5.180722891566265,363.35
453,454,21,6.183098591549296,264.75
454,455,1,10.767441860465116,184.0
455,456,1,1.9086538461538463,829.35
456,457,17,8.442307692307692,189.35
457,458,7,5.059523809523809,332.9
458,459,6,4.680851063829787,417.1
459,460,23,8.82,199.25
460,461,2,2.9779411764705883,970.5
461,462,3,6.588235294117647,279.8
462,463,13,3.28125,504.0
463,464,8,4.788888888888889,316.3
464,465,2,2.7115384615384617,763.55
465,466,0,3.8761061946902653,424.35
466,467,3,4.774193548387097,468.95
467,468,1,8.518518518518519,189.05
468,469,0,3.936936936936937,434.5
469,470,3,7.266666666666667,297.5
470,471,19,6.214285714285714,289.85
471,472,0,3.021276595744681,572.15
472,473,9,2.6258064516129034,654.7
473,474,23,6.2835820895522385,271.3
474,475,10,4.484536082474227,375.15
475,476,0,2.0789473684210527,772.15
476,477,0,2.9395973154362416,799.66
477,478,8,10.523809523809524,275.0
478,479,0,3.963636363636364,562.8
479,480,9,5.0,377.75
480,481,8,2.1968085106382977,951.85
481,482,0,3.7217391304347824,583.15
482,483,8,3.4444444444444446,379.6
483,484,2,8.105263157894736,296.2
484,485,3,2.9444444444444446,516.3
485,486,2,5.273809523809524,385.0
486,487,6,4.849462365591398,386.5
487,488,16,9.382978723404255,145.0
488,489,7,5.8,234.2
489,490,17,3.4959349593495936,674.75
490,491,5,3.2734375,830.0
491,492,5,7.87037037037037,241.8
492,493,4,2.2808988764044944,895.5
493,494,0,6.923076923076923,269.95
494,495,4,2.9714285714285715,625.4
495,496,8,4.287128712871287,446.55
496,497,1,3.3046875,614.75
497,498,9,4.795698924731183,406.95
498,499,7,9.826086956521738,237.7
499,500,0,1.9660194174757282,894.35
500,501,0,4.526315789473684,477.3
501,502,1,2.3693181818181817,634.8
502,503,0,1.967741935483871,1113.9
503,504,3,3.6129032258064515,540.75
504,505,6,6.470588235294118,375.6
505,506,7,5.428571428571429,512.0
506,507,3,2.8466666666666667,775.0
507,508,2,2.9782608695652173,493.05
508,509,4,4.587628865979381,364.4
509,510,5,3.128787878787879,407.5
510,511,0,3.888888888888889,631.5
511,512,5,3.7130434782608694,490.25
512,513,0,5.772151898734177,300.25
513,514,1,4.320388349514563,454.55
514,515,5,3.3902439024390243,446.1
515,516,4,5.235294117647059,344.1
516,517,0,5.784810126582278,411.5
517,518,16,5.931506849315069,416.3
518,519,5,8.0,241.0
519,520,0,4.009433962264151,674.25
520,521,2,5.421686746987952,326.40000000000003
521,522,5,6.923076923076923,239.75
522,523,10,3.672268907563025,605.5
523,524,6,7.466666666666667,240.15
524,525,1,3.2388059701492535,540.5
525,526,9,2.964788732394366,1184.5
526,527,3,2.7755102040816326,542.4
527,528,20,6.462686567164179,257.5
528,529,5,5.625,375.65
529,530,5,5.244186046511628,411.0
530,531,7,2.642857142857143,672.3
531,532,5,4.877777777777778,491.55
532,533,4,3.237037037037037,711.15
533,534,3,2.549382716049383,710.9
534,535,5,15.5,83.0
535,536,3,2.658385093167702,709.15
536,537,4,4.113207547169812,422.85
537,538,1,3.3692307692307693,523.7
538,539,0,2.9657534246575343,584.6
539,540,4,7.706896551724138,320.94
540,541,0,2.289617486338798,1072.05
541,542,6,3.717948717948718,677.9
542,543,13,7.827586206896552,253.0
543,544,4,3.5950413223140494,454.65000000000003
544,545,4,4.111111111111111,398.1
545,546,1,2.9097222222222223,595.6
546,547,2,2.0439024390243903,795.2
547,548,1,1.0710227272727273,1327.25
548,549,1,1.6290322580645162,1034.65
549,550,1,2.9863945578231292,530.1
550,551,2,4.226415094339623,463.0
551,552,8,3.1076923076923078,559.5
552,553,8,3.5689655172413794,548.5
553,554,1,3.283582089552239,476.4
554,555,8,4.78494623655914,388.6
555,556,0,2.4239130434782608,810.55
556,557,2,2.5,799.7
557,558,1,1.817351598173516,881.75
558,559,2,5.8533333333333335,391.90000000000003
559,560,13,3.3360655737704916,551.0
560,561,11,3.807017543859649,519.15
561,562,4,6.180555555555555,386.5
562,563,1,2.3626373626373627,880.3
563,564,1,2.7973856209150325,534.15
564,565,18,3.3,547.95
565,566,0,3.793103448275862,644.5
566,567,1,2.66,620.2
567,568,2,6.236111111111111,273.5
568,569,21,7.2,295.5
569,570,8,3.9910714285714284,482.7
570,571,17,5.972602739726027,371.5
571,572,1,2.6867469879518073,614.75
572,573,1,2.9793103448275864,779.25
573,574,0,2.0784313725490198,836.9
574,575,3,5.565789473684211,303.3
575,576,3,10.222222222222221,241.0
576,577,4,2.9510489510489513,684.5500000000001
577,578,8,5.45,303.9
578,579,2,1.9767441860465116,872.85
579,580,3,3.050359712230216,619.05
580,581,0,3.0069444444444446,970.0
581,582,4,15.466666666666667,99.75
582,583,21,8.320754716981131,229.6
583,584,2,3.227272727272727,538.05
584,585,7,4.627659574468085,414.9
585,586,1,2.4011976047904193,658.45
586,587,4,3.4516129032258065,614.05
587,588,9,7.842105263157895,228.1
588,589,1,3.013888888888889,567.1
589,590,8,4.217821782178218,412.1
590,591,0,2.5028571428571427,712.5
591,592,2,3.8260869565217392,531.75
592,593,3,8.96,290.7
593,594,3,5.353658536585366,368.9
594,595,4,4.702127659574468,429.25
595,596,1,3.9285714285714284,482.4
596,597,1,2.6012269938650308,843.35
597,598,1,1.8061674008810573,1120.75
598,599,1,1.9583333333333333,1233.8
599,600,3,8.481481481481481,274.5
600,601,0,2.0295566502463056,928.0
601,602,6,2.8940397350993377,593.3
602,603,8,3.4206349206349205,698.8
603,604,0,9.326530612244898,147.9
604,605,19,5.011363636363637,400.34
605,606,3,4.489795918367347,543.6999999999999
606,607,4,2.497041420118343,642.4
607,608,3,1.326086956521739,1171.0
608,609,22,19.608695652173914,67.5
609,610,8,1.6329113924050633,1096.65
610,611,2,5.8133333333333335,341.9
611,612,4,2.0625,909.05
612,613,16,4.057142857142857,541.5
613,614,19,11.710526315789474,230.0
614,615,3,4.115384615384615,375.2
615,616,1,3.8584070796460175,488.75
616,617,1,3.395348837209302,484.1
617,618,0,7.306451612903226,255.3
618,619,2,6.309859154929577,330.0
619,620,7,6.111111111111111,327.75
620,621,3,3.1353383458646618,586.15
621,622,2,4.145631067961165,463.45
622,623,22,21.476190476190474,86.0
623,624,3,2.785234899328859,571.5
624,625,1,3.185185185185185,677.1
625,626,2,6.295774647887324,333.5
626,627,0,2.8175675675675675,691.1999999999999
627,628,4,2.774834437086093,749.75
628,629,3,3.1703703703703705,506.2
629,630,26,14.387096774193548,129.4
630,631,0,3.918918918918919,540.9
631,632,1,5.149425287356322,403.6
632,633,0,3.661290322580645,421.7
633,634,3,1.7662337662337662,1140.5
634,635,5,7.824561403508772,225.0
635,636,0,3.945945945945946,522.6
636,637,16,4.088235294117647,545.5
637,638,5,7.158730158730159,238.95000000000002
638,639,5,4.448979591836735,450.5
639,640,0,3.359375,612.3
640,641,9,2.6455696202531644,717.25
641,642,3,2.603896103896104,829.25
642,643,1,2.406779661016949,1127.25
643,644,3,5.7215189873417724,351.05
644,645,2,3.652542372881356,528.0
645,646,2,3.6666666666666665,465.25
646,647,1,4.526315789473684,442.2
647,648,5,2.5246913580246915,1026.05
648,649,2,3.456,937.0
649,650,0,3.0567375886524824,490.95
650,651,3,2.526627218934911,740.65
651,652,7,2.2905027932960893,636.2
652,653,1,3.504201680672269,1084.4
653,654,3,7.274193548387097,209.3
654,655,0,3.0071942446043165,583.9
655,656,2,3.8256880733944953,606.3
656,657,7,5.2823529411764705,425.35
657,658,1,5.301204819277109,378.9
658,659,0,2.6832298136645965,696.5
659,660,9,6.863636363636363,264.35
660,661,0,1.7719298245614035,810.65
661,662,1,4.262135922330097,425.75
662,663,3,2.5808383233532934,766.75
663,664,1,1.99,1093.2
664,665,6,3.110294117647059,785.7
665,666,7,3.586206896551724,448.7
666,667,1,5.127906976744186,461.5
667,668,2,5.011363636363637,393.8
668,669,5,2.68944099378882,651.1
669,670,3,2.8689655172413793,811.8
670,671,0,6.309859154929577,341.0
671,672,2,4.484536082474227,359.8
672,673,0,8.017241379310345,288.5
673,674,1,1.9747474747474747,860.4
674,675,20,5.666666666666667,231.5
675,676,1,1.801762114537445,870.5
676,677,3,4.6,453.1
677,678,7,2.6392405063291138,764.05
678,679,5,3.963302752293578,529.9
679,680,0,5.1976744186046515,366.45
680,681,5,2.7218543046357615,647.05
681,682,3,17.73076923076923,83.7
682,683,1,2.9172413793103447,670.1
683,684,1,2.8275862068965516,681.0
684,685,4,3.234848484848485,562.0
685,686,2,2.374269005847953,903.05
686,687,0,1.4646840148698885,1322.7
687,688,17,2.54375,885.7
688,689,2,3.159090909090909,596.0
689,690,5,7.701754385964913,285.0
690,691,1,3.110294117647059,466.3
691,692,7,3.223076923076923,601.0
692,693,17,3.0638297872340425,592.25
693,694,2,5.188235294117647,378.05
694,695,9,1.8669724770642202,796.35
695,696,23,6.676923076923077,314.75
696,697,1,1.8206278026905829,1024.8
697,698,1,3.276923076923077,550.75
698,699,4,4.0,444.1
699,700,16,5.222222222222222,353.25
700,701,10,3.408,429.6
701,702,0,3.635593220338983,481.0
702,703,2,2.1391752577319587,932.5
703,704,2,2.035532994923858,961.3
704,705,5,6.111111111111111,272.5
705,706,4,4.444444444444445,401.75
706,707,3,1.50390625,1236.65
707,708,6,3.525,441.3
708,709,5,2.4293785310734464,920.05
709,710,0,2.4850299401197606,846.15
710,711,4,4.257425742574258,501.4
711,712,7,4.5625,581.75
712,713,24,10.255813953488373,179.0
713,714,2,3.8828828828828827,395.0
714,715,0,5.160919540229885,377.1
715,716,7,4.760869565217392,382.25
716,717,9,6.185714285714286,314.45
717,718,1,3.9727272727272727,508.9
718,719,1,3.857142857142857,674.45
719,720,4,3.072992700729927,457.9
720,721,18,7.3559322033898304,271.3
721,722,0,3.3307086614173227,549.0
722,723,7,2.9782608695652173,663.45
723,724,3,3.9107142857142856,524.5
724,725,0,3.700854700854701,667.55
725,726,16,3.2093023255813953,589.1
726,727,1,2.0390243902439025,856.1
727,728,5,2.5090909090909093,734.85
728,729,0,2.347058823529412,662.1
729,730,1,3.8859649122807016,559.6
730,731,1,2.288135593220339,782.9
731,732,5,3.1893939393939394,672.15
732,733,1,4.202020202020202,440.45
733,734,1,2.183246073298429,877.6
734,735,3,2.155440414507772,880.95
735,736,3,3.354330708661417,666.7
736,737,0,4.645833333333333,399.55
737,738,6,4.217821782178218,502.0
738,739,1,7.25,265.0
739,740,0,6.676470588235294,379.05
740,741,4,12.324324324324325,166.0
741,742,6,4.320388349514563,356.45
742,743,0,2.5207100591715976,677.35
743,744,0,5.160919540229885,393.25
744,745,4,3.037037037037037,567.2
745,746,8,2.292817679558011,915.6
746,747,8,4.5638297872340425,375.5
747,748,1,2.203125,948.7
748,749,9,6.4411764705882355,326.25
749,750,5,8.901960784313726,218.5
750,751,11,2.5269461077844313,856.5
751,752,3,5.7368421052631575,295.75
752,753,4,2.6036585365853657,622.35
753,754,4,5.506172839506172,567.95
754,755,0,7.080645161290323,284.4
755,756,0,2.6878980891719744,675.6
756,757,12,3.310077519379845,465.0
757,758,18,2.7181208053691277,668.7
758,759,3,5.8933333333333335,294.75
759,760,0,4.310679611650485,366.9
760,761,2,9.645833333333334,233.0
761,762,2,2.5088757396449703,679.85
762,763,7,2.801324503311258,652.5
763,764,8,2.75974025974026,592.75
764,765,6,3.257575757575758,648.85
765,766,18,8.384615384615385,244.5
766,767,6,2.0625,1113.05
767,768,0,3.5447154471544717,651.35
768,769,2,2.4647058823529413,734.0
769,770,1,5.7631578947368425,300.25
770,771,1,4.479166666666667,375.5
771,772,0,3.9363636363636365,445.15000000000003
772,773,0,2.3448275862068964,858.0
773,774,3,3.6666666666666665,467.85
774,775,8,4.515789473684211,414.35
775,776,3,2.273224043715847,753.15
776,777,1,3.456692913385827,759.5
777,778,5,4.066037735849057,479.55
778,779,0,2.548780487804878,634.2
779,780,2,7.559322033898305,273.9
780,781,22,3.8411214953271027,529.7
781,782,9,7.6,224.6
782,783,3,9.098039215686274,221.7
783,784,9,3.8839285714285716,498.4
784,785,0,3.257575757575758,609.65
785,786,8,5.455696202531645,383.5
786,787,3,5.548780487804878,337.5
787,788,5,6.04054054054054,420.0
788,789,0,3.763157894736842,587.05
789,790,6,3.606837606837607,685.1
790,791,17,4.353535353535354,512.95
791,792,9,10.738095238095237,129.0
792,793,7,4.712765957446808,402.65000000000003
793,794,5,2.213903743315508,796.3
794,795,8,2.4411764705882355,864.5
795,796,3,3.3412698412698414,680.25
796,797,2,5.034090909090909,367.25
797,798,4,2.3493975903614457,840.65
798,799,5,4.056603773584905,495.85
799,800,0,4.2745098039215685,516.9
800,1000,0,0.0010646938730709283,429259.25
801,5000,1,9.479166666666666,251.5
802,5001,0,4.923913043478261,410.65000000000003
803,5002,0,3.3257575757575757,560.2
804,5003,0,4.876404494382022,444.25
805,5004,16,6.125,331.7
806,5005,1,3.6810344827586206,508.55
807,5006,0,3.6923076923076925,518.3
808,5007,3,5.894736842105263,291.8
809,5008,1,8.882352941176471,254.5
810,5009,2,2.418181818181818,772.65
811,5010,0,5.211764705882353,417.75
812,5011,1,6.068493150684931,201.5
813,5012,3,4.121495327102804,697.0
814,5013,0,4.697916666666667,472.05
815,5014,1,4.953488372093023,544.95
816,5015,0,4.923913043478261,425.25
817,5016,17,4.886363636363637,324.35
818,5017,1,3.8684210526315788,390.7
819,5018,16,9.880952380952381,186.5
820,5019,8,13.878787878787879,159.0
821,5020,6,2.5460122699386503,701.05
822,5021,3,4.418367346938775,463.0
823,5022,1,9.058823529411764,184.5
824,5023,0,3.22962962962963,558.2
825,5024,1,22.35,73.2
826,5025,4,3.1094890510948905,599.5
827,5026,4,1.6291666666666667,1826.45
828,5027,19,7.666666666666667,713.5
829,5028,0,5.8354430379746836,317.05
830,5029,0,4.447916666666667,478.85
831,5030,1,4.160377358490566,409.5
832,5031,11,8.627450980392156,196.4
833,5032,8,3.2814814814814817,546.3
834,5033,0,2.73046875,1695.3
835,5034,0,15.319148936170214,193.0
836,5035,0,3.9371428571428573,796.35
837,5036,12,5.162790697674419,351.9
838,5037,1,9.361702127659575,196.8
839,5038,13,3.861111111111111,491.0
840,5039,3,3.4603174603174605,685.35
841,5040,0,2.0698924731182795,891.55
842,5041,3,12.527777777777779,162.6
843,5042,0,3.981981981981982,536.7
844,5043,2,5.261904761904762,392.6
845,5044,0,4.78494623655914,482.5
846,5045,0,5.676258992805756,479.25
847,5046,3,3.4634146341463414,524.2
848,5047,1,8.660377358490566,178.9
849,5048,6,4.752688172043011,444.0
850,5049,2,4.723404255319149,708.5
851,5050,1,7.533333333333333,185.9
852,5051,0,9.019607843137255,215.25
853,5052,0,4.484848484848484,333.9
854,5053,0,5.934210526315789,286.7
855,5054,5,4.474747474747475,381.8
856,5055,13,2.607361963190184,664.45
857,5056,1,3.661290322580645,601.1
858,5057,5,2.4171428571428573,760.8
859,5058,1,5.617283950617284,512.0
860,5059,0,5.226190476190476,347.25
861,5060,0,5.209302325581396,394.45
862,5061,16,4.543478260869565,371.1
863,5062,3,2.9047619047619047,740.95
864,5063,0,7.238095238095238,324.85
865,5064,0,4.037383177570093,471.0
866,5065,0,4.903225806451613,369.4
867,5066,4,7.762711864406779,452.25
868,5067,0,7.0,311.15
869,5068,1,4.372549019607843,555.8
870,5069,1,4.578947368421052,460.9
871,5070,5,4.169590643274854,704.3
872,5071,0,1.6853448275862069,1062.45
873,5072,3,4.515463917525773,637.65
874,5073,0,6.260273972602739,428.65
875,5074,1,4.25,438.95
876,5075,2,3.9454545454545453,422.0
877,5076,28,42.4,82.5
878,5077,4,4.796296296296297,519.35
879,5078,12,5.223529411764706,377.25
880,5079,1,5.345238095238095,392.2
881,5080,11,8.653846153846153,342.15
882,5081,0,3.9026548672566372,686.75
883,5082,1,2.8322147651006713,616.45
884,5083,1,2.01,1045.35
885,5084,0,1.699588477366255,1152.05
886,5085,1,2.795918367346939,775.75
887,5086,3,5.478632478632479,577.5
888,5087,4,5.333333333333333,377.6
889,5088,13,4.619565217391305,434.4
890,5089,4,5.688311688311688,290.7
891,5090,0,3.162962962962963,544.36
892,5091,0,1.7106382978723405,1654.0
893,5092,0,3.376923076923077,472.8
894,5093,1,3.93859649122807,501.15000000000003
895,5094,1,6.721153846153846,408.9
896,5095,1,3.152173913043478,553.85
897,5096,2,2.859060402684564,532.3
898,5097,0,2.4885057471264367,802.7
899,5098,2,8.157894736842104,351.95
900,5099,9,8.8,270.75
901,5100,2,2.377906976744186,883.25
902,5101,17,6.225352112676056,395.5
903,5102,8,4.602150537634409,419.25
904,5103,0,5.7974683544303796,304.75
905,5104,8,7.426229508196721,260.3
906,5105,0,6.892307692307693,306.25
907,5106,0,3.926701570680628,939.7
908,5107,2,5.057471264367816,378.9
909,5108,1,3.9454545454545453,568.85
910,5109,0,6.91588785046729,472.95
911,5110,1,4.645833333333333,395.6
912,5111,2,3.8434782608695652,461.75
913,5112,1,3.7711864406779663,664.59
914,5113,0,5.518987341772152,265.90000000000003
915,5114,13,4.627659574468085,506.95
916,5115,7,2.5609756097560976,580.35
917,5116,1,4.366336633663367,441.55
918,5117,8,10.022222222222222,241.0
919,5118,13,11.842105263157896,195.5
920,5119,4,5.223776223776224,561.95
921,5120,6,3.283582089552239,569.5
922,5121,1,5.402439024390244,325.5
923,5122,1,4.618556701030927,585.5
924,5123,0,3.675,518.25
925,5124,2,3.253846153846154,746.95
926,5125,11,6.081081081081081,599.45
927,5126,11,5.918918918918919,377.0
928,5127,1,5.947368421052632,357.0
929,5128,17,5.815789473684211,346.8
930,5129,17,4.219047619047619,427.75
931,5130,1,5.285714285714286,695.9
932,5131,8,9.387755102040817,172.6
933,5132,2,2.8275862068965516,488.45
934,5133,16,14.64516129032258,183.5
935,5134,1,4.333333333333333,478.7
936,5135,1,5.518518518518518,382.75
937,5136,4,4.288461538461538,490.6
938,5137,0,4.38,394.0
939,5138,16,4.494736842105263,410.65
940,5139,1,4.160377358490566,339.35
941,5140,0,6.3,315.4
942,5141,0,3.375,487.9
943,5142,0,7.593220338983051,252.4
944,5143,10,7.406779661016949,264.65
945,5144,8,4.374193548387097,766.42
946,5145,0,2.8120805369127515,713.95
947,5146,7,3.891891891891892,556.75
948,5147,24,33.18181818181818,36.0
949,5148,10,9.574468085106384,255.0
950,5149,1,6.582089552238806,277.2
951,5150,2,4.538461538461538,763.75
952,5151,2,4.33,461.59999999999997
953,5152,1,5.734177215189874,315.55
954,5153,18,10.925,225.0
955,5154,8,3.3821138211382116,579.5
956,5155,15,7.078125,223.05
957,5156,2,8.49056603773585,172.5
958,5157,0,3.4603174603174605,562.3
959,5158,0,3.8173913043478263,555.7
960,5159,1,3.1703703703703705,537.75
961,5160,23,6.6923076923076925,268.2
962,5161,1,5.986666666666666,270.8
963,5162,5,4.074074074074074,471.8
964,5163,0,2.2880434782608696,747.7
965,5164,1,3.3233082706766917,703.2
966,5165,0,5.160919540229885,327.25
967,5166,1,3.158273381294964,661.05
968,5167,0,4.621052631578947,440.95
969,5168,0,4.556701030927835,373.8
970,5169,0,6.076923076923077,552.75
971,5170,0,6.676470588235294,308.35
972,5171,1,2.7516339869281046,723.5
973,5172,2,10.043478260869565,263.85
974,5173,3,8.38888888888889,268.2
975,5174,0,2.9510489510489513,707.55
976,5175,1,10.409090909090908,311.75
977,5176,6,3.3435114503816794,609.7
978,5177,17,4.264705882352941,328.95
979,5178,0,3.938053097345133,531.85
980,5179,1,5.786666666666667,489.9
981,5180,1,6.017241379310345,602.25
982,5181,13,3.900900900900901,517.5
983,5182,3,3.2028985507246377,550.55
984,5183,13,9.08,224.2
985,5184,16,5.2682926829268295,368.5
986,5185,6,5.022471910112359,350.0
987,5186,0,5.160493827160494,361.25
988,5187,0,2.7302631578947367,730.0
989,5188,18,19.73913043478261,126.0
990,5189,0,5.766233766233766,342.15
991,5190,0,3.5785123966942147,553.34
992,5191,1,5.475609756097561,457.5
993,5192,5,4.148514851485149,563.8
994,5193,0,4.149532710280374,529.35
995,5194,1,7.824561403508772,224.5
996,5195,5,4.133333333333334,474.5
997,5196,1,2.617283950617284,877.41
998,5197,1,7.388349514563107,397.6
999,5198,3,4.405940594059406,464.65000000000003
1000,5199,3,3.972972972972973,601.75
1001,5200,0,7.238095238095238,301.55
1002,5201,6,2.9246575342465753,674.95
1003,5202,23,12.542857142857143,189.0
1004,5203,1,2.393258426966292,775.2
1005,5204,8,3.3515625,555.52
1006,5205,0,3.210526315789474,636.0
1007,5206,17,15.724137931034482,170.0
1008,5207,18,5.034883720930233,487.02
1009,5208,1,3.0851063829787235,692.75
1010,5209,6,3.3671875,574.85
1011,5210,1,3.575,617.2
1012,5211,0,4.360824742268041,370.75
1013,5212,0,7.672131147540983,246.8
1014,5213,1,4.255952380952381,882.4
1015,5214,7,9.617021276595745,238.0
1016,5215,14,11.1,223.5
1017,5216,0,6.173333333333333,398.25
1018,5217,9,14.3,232.5
1019,5218,0,3.2635658914728682,554.75
1020,5219,2,7.125,332.0
1021,5220,1,4.472602739726027,749.8
1022,5221,3,5.320987654320987,408.75
1023,5222,1,2.66025641025641,653.5
1024,5223,0,5.894736842105263,482.25
1025,5224,0,2.8456375838926173,626.15
1026,5225,0,2.132978723404255,830.7
1027,5226,0,4.75531914893617,293.85
1028,5227,2,4.806451612903226,549.8
1029,5228,1,1.7644444444444445,1142.55
1030,5229,16,2.664516129032258,664.6
1031,5230,18,5.345679012345679,375.55
1032,5231,0,5.779220779220779,372.75
1033,5232,1,2.7960526315789473,669.05
1034,5233,5,3.3208955223880596,692.5
1035,5234,10,7.142857142857143,270.55
1036,5235,3,8.657142857142857,354.5
1037,5236,10,3.6842105263157894,460.25
1038,5237,6,5.935897435897436,391.9
1039,5238,5,3.8448275862068964,631.1
1040,5239,0,6.463768115942029,275.25
1041,5240,0,8.137931034482758,489.7
1042,5241,1,16.103448275862068,148.75
1043,5242,0,5.25,461.9
1044,5243,16,5.2439024390243905,305.25
1045,5244,0,3.00709219858156,910.45
1046,5245,10,2.4069767441860463,701.75
1047,5246,0,4.216981132075472,523.56
1048,5247,16,4.153846153846154,456.7
1049,5248,11,7.225806451612903,230.26
1050,5249,1,4.130841121495327,480.5
1051,5250,1,8.178571428571429,349.5
1052,5251,0,8.60377358490566,293.1
1053,5252,0,5.3882352941176475,304.25
1054,5253,5,6.507692307692308,299.2
1055,5254,1,6.984375,267.25
1056,5255,1,6.175675675675675,349.0
1057,5256,0,5.218390804597701,383.35
1058,5257,3,3.338582677165354,781.05
1059,5258,0,7.306451612903226,239.85
1060,5259,4,3.304,555.85
1061,5260,15,7.491525423728813,246.5
1062,5261,4,4.965116279069767,419.2
1063,5262,1,2.9172413793103447,659.6
1064,5263,1,5.88,420.5
1065,5264,21,7.701754385964913,299.25
1066,5265,0,2.383720930232558,714.85
1067,5266,1,5.986111111111111,333.45
1068,5267,0,5.091954022988506,383.25
1069,5268,2,3.1176470588235294,554.4
1070,5269,4,3.5785123966942147,465.40000000000003
1071,5270,0,3.475,495.9
1072,5271,9,4.53125,469.3
1073,5272,6,2.8783783783783785,698.85
1074,5273,5,6.579439252336448,478.05
1075,5274,0,2.8986486486486487,734.3
1076,5275,7,5.641025641025641,465.0
1077,5276,0,7.540983606557377,243.0
1078,5277,4,3.689075630252101,607.9
1079,5278,18,4.336734693877551,461.85
1080,5279,2,3.3206106870229006,668.45
1081,5280,1,7.909090909090909,307.5
1082,5281,0,2.924137931034483,713.55
1083,5282,13,4.356435643564357,457.35
1084,5283,1,3.210526315789474,583.55
1085,5284,1,3.763157894736842,592.25
1086,5285,23,5.402597402597403,312.7
1087,5286,0,2.8137931034482757,729.95
1088,5287,14,4.32,417.25
1089,5288,0,4.73404255319149,441.27000000000004
1090,5289,0,3.5853658536585367,537.75
1091,5290,5,3.1755725190839694,613.95
1092,5291,6,4.723404255319149,394.05
1093,5292,4,4.414141414141414,388.0
1094,5293,1,5.228915662650603,510.5
1095,5294,0,6.507462686567164,408.6
1096,5295,7,4.965909090909091,342.7
1097,5296,4,4.203883495145631,377.5
1098,5297,1,8.017857142857142,239.1
1099,5298,2,4.163841807909605,835.35
1100,5299,17,11.073170731707316,207.5
1101,5300,9,6.1506849315068495,277.6
1102,5301,0,2.1191709844559585,931.95
1103,5302,0,5.357142857142857,448.3
1104,5303,1,2.9115646258503403,841.4
1105,5304,0,2.6666666666666665,640.0
1106,5305,5,4.583333333333333,357.5
1107,5306,0,3.4186046511627906,514.75
1108,5307,2,6.309859154929577,372.3
1109,5308,5,6.357142857142857,291.0
1110,5309,7,7.145161290322581,342.2
1111,5310,0,4.923076923076923,484.5
1112,5311,1,4.47,407.2
1113,5312,7,7.912280701754386,203.0
1114,5313,20,6.8307692307692305,329.75
1115,5314,11,4.474226804123711,666.05
1116,5315,14,3.2519083969465647,612.8
1117,5316,1,7.389830508474576,344.85
1118,5317,3,6.557142857142857,325.90000000000003
1119,5318,5,2.6774193548387095,681.0
1120,5319,1,5.475,455.25
1121,5320,5,3.926605504587156,523.75
1122,5321,0,3.598360655737705,487.25
1123,5322,0,2.393063583815029,588.65
1124,5323,5,4.541666666666667,531.5
1125,5324,0,10.431818181818182,223.1
1126,5325,24,6.8125,260.75
1127,5326,0,3.255639097744361,456.45
1128,5327,2,4.259615384615385,742.75
1129,5328,0,4.269230769230769,508.5
1130,5329,9,4.393939393939394,467.15
1131,5330,0,5.868421052631579,241.35
1132,5331,0,2.170103092783505,789.15
1133,5332,0,2.7044025157232703,683.95
1134,5333,1,4.621052631578947,401.05
1135,5334,1,4.698924731182796,418.3
1136,5335,6,5.289156626506024,418.5
1137,5336,11,9.0,258.0
1138,5337,0,6.442857142857143,250.25
1139,5338,1,8.547169811320755,241.25
1140,5339,12,4.920454545454546,613.05
1141,5340,2,5.341176470588235,351.6
1142,5341,1,5.333333333333333,464.1
1143,5342,0,5.542168674698795,308.0
1144,5343,0,6.835820895522388,271.0
1145,5344,2,4.3076923076923075,496.7
1146,5345,1,3.4516129032258065,670.1
1147,5346,0,19.565217391304348,144.3
1148,5347,0,1.9245283018867925,937.9
1149,5348,12,3.6551724137931036,410.85
1150,5349,0,3.622950819672131,526.55
1151,5350,0,6.328571428571428,306.3
1152,5351,0,5.416666666666667,368.25
1153,5352,0,4.763636363636364,617.75
1154,5353,4,6.594202898550725,294.05
1155,5354,2,4.2485549132947975,1065.85
1156,5355,0,4.2555555555555555,672.65
1157,5356,0,5.96,387.0
1158,5357,5,5.414634146341464,290.9
1159,5358,5,6.656716417910448,232.0
1160,5359,0,3.9819277108433737,729.3
1161,5360,0,4.728260869565218,377.0
1162,5361,0,4.2075471698113205,437.65
1163,5362,4,4.314285714285714,441.35
1164,5363,0,6.436619718309859,242.95
1165,5364,0,6.734375,270.85
1166,5365,25,20.454545454545453,161.29999999999998
1167,5366,16,9.977777777777778,190.8
1168,5367,5,5.866666666666666,410.35
1169,5368,5,3.257575757575758,536.1
1170,5369,25,22.4,115.0
1171,5370,7,6.0675675675675675,304.4
1172,5371,6,4.932584269662922,627.25
1173,5372,4,3.006993006993007,611.25
1174,5373,1,5.518518518518518,354.5
1175,5374,0,8.035714285714286,249.9
1176,5375,0,3.354330708661417,615.55
1177,5376,16,2.943661971830986,561.15
1178,5377,0,6.794117647058823,348.05
1179,5378,0,3.8034188034188032,532.85
1180,5379,1,4.965909090909091,393.95
1181,5380,3,5.419753086419753,429.0
1182,5381,0,6.953846153846154,265.6
1183,5382,0,4.339805825242719,430.8
1184,5383,0,3.0704225352112675,599.8
1185,5384,2,3.0217391304347827,629.55
1186,5385,3,6.746268656716418,299.85
1187,5386,1,4.43298969072165,473.4
1188,5387,0,4.530612244897959,734.0
1189,5388,8,2.8,687.5
1190,5389,0,3.4140625,622.85
1191,5390,0,4.955056179775281,377.25
1192,5391,1,3.3384615384615386,629.15
1193,5392,1,2.875,668.95
1194,5393,1,2.540372670807453,916.0
1195,5394,12,14.129032258064516,196.5
1196,5395,0,5.653846153846154,367.85
1197,5396,13,5.2023809523809526,346.25
1198,5397,8,5.253012048192771,432.5
1199,5398,4,5.625,459.0
1200,5399,1,3.6178861788617884,616.85
1201,5400,3,4.739130434782608,577.45
1202,5401,10,4.758241758241758,399.9
1203,5402,0,3.6153846153846154,571.3
1204,5403,1,3.9285714285714284,530.2
1205,5404,1,11.45,231.5
1206,5405,3,2.175531914893617,787.95
1207,5406,16,4.844444444444444,346.8
1208,5407,1,10.0,140.75
1209,5408,0,2.6962025316455698,752.35
1210,5409,0,6.068493150684931,314.25
1211,5410,0,2.9084967320261437,625.35
1212,5411,2,9.625,176.25
1213,5412,1,2.3333333333333335,916.0
1214,5413,4,12.941176470588236,185.29999999999998
1215,5414,1,2.8979591836734695,811.65
1216,5415,12,4.910112359550562,416.62
1217,5416,1,2.8947368421052633,761.85
1218,5417,1,3.0136054421768708,768.4
1219,5418,0,3.920353982300885,376.35
1220,5419,1,2.3206521739130435,1027.98
1221,5420,1,6.405797101449275,360.5
1222,5421,1,6.25,388.4
1223,5422,1,3.488,589.8
1224,5423,20,7.946428571428571,199.2
1225,5424,4,2.4606060606060605,625.5
1226,5425,1,2.6129032258064515,795.5
1227,5426,7,4.233009708737864,465.55
1228,5427,1,4.757894736842105,445.0
1229,5428,0,8.296296296296296,210.9
1230,5429,0,4.0,554.0
1231,5430,1,4.161904761904762,424.4
1232,5431,2,2.1538461538461537,926.3
1233,5432,0,4.435643564356436,478.05
1234,5433,1,2.7658227848101267,683.9
1235,5434,1,4.454545454545454,497.9
1236,5435,1,3.2028985507246377,638.5
1237,5436,2,14.53125,149.0
1238,5437,2,2.9019607843137254,695.15
1239,5438,8,2.806451612903226,757.65
1240,5439,14,6.135135135135135,403.75
1241,5440,1,5.909090909090909,533.6
1242,5441,1,4.5625,430.1
1243,5442,1,5.373493975903615,459.0
1244,5443,5,4.977011494252873,503.5
1245,5444,7,9.10204081632653,271.8
1246,5445,23,8.557692307692308,240.75
1247,5446,0,4.09433962264151,514.75
1248,5447,3,3.028368794326241,596.9
1249,5448,11,5.558441558441558,297.3
1250,5449,0,5.947368421052632,366.5
1251,5450,0,6.96875,244.5
1252,5451,4,3.488,499.3
1253,5452,0,3.5714285714285716,623.75
1254,5453,0,3.201492537313433,522.35
1255,5454,0,6.5588235294117645,324.65
1256,5455,5,4.733333333333333,679.5
1257,5456,2,3.9464285714285716,425.65
1258,5457,24,13.84375,138.3
1259,5458,16,5.345679012345679,382.59999999999997
1260,5459,6,4.43298969072165,481.05
1261,5460,1,8.309090909090909,277.3
1262,5461,1,6.990990990990991,392.85
1263,5462,1,5.6375,373.5
1264,5463,1,4.833333333333333,456.35
1265,5464,5,2.7254901960784315,668.65
1266,5465,0,3.8869565217391306,646.0
1267,5466,0,5.1477272727272725,355.05
1268,5467,2,5.417808219178082,579.25
1269,5468,0,3.5317460317460316,666.45
1270,5469,0,4.064220183486238,495.7
1271,5470,10,6.180555555555555,283.0
1272,5471,8,2.503067484662577,631.2
1273,5472,0,9.5625,227.6
1274,5473,10,5.183908045977011,358.25
1275,5474,0,8.363636363636363,230.4
1276,5475,1,4.677083333333333,395.75
1277,5476,0,7.616666666666666,212.8
1278,5477,12,5.753246753246753,292.3
1279,5478,3,8.090909090909092,229.45
1280,5479,1,2.5088757396449703,909.65
1281,5480,1,2.6107784431137726,656.3
1282,5481,1,3.368,530.85
1283,5482,17,6.114285714285714,282.05
1284,5483,1,6.495412844036697,462.9
1285,5484,1,7.00990099009901,384.6
1286,5485,9,4.085714285714285,478.15
1287,5486,3,5.5,361.0
1288,5487,0,2.8219178082191783,556.25
1289,5488,1,4.372549019607843,419.55
1290,5489,1,3.7719298245614037,688.95
1291,5490,1,6.049180327868853,468.5
1292,5491,9,9.978260869565217,235.0
1293,5492,1,3.4878048780487805,613.4
1294,5493,4,4.24,452.75
1295,5494,2,3.52,944.95
1296,5495,3,10.783783783783784,271.6
1297,5496,1,2.6772151898734178,891.75
1298,5497,4,6.656716417910448,467.5
1299,5498,2,2.670886075949367,795.4499999999999
1300,5499,0,3.963636363636364,413.6
1301,5500,0,5.252873563218391,350.5
1302,5501,1,6.430555555555555,265.1
1303,5502,0,3.0444444444444443,703.35
1304,5503,6,5.392857142857143,255.0
1305,5504,0,3.037313432835821,697.65
1306,5505,1,6.301369863013699,281.35
1307,5506,4,2.952054794520548,621.5
1308,5507,5,5.162790697674419,475.7
1309,5508,0,5.868421052631579,379.7
1310,5509,0,3.2598425196850394,454.55
1311,5510,1,3.9285714285714284,529.0
1312,5511,16,5.107142857142857,332.49
1313,5512,0,7.2075471698113205,662.85
1314,5513,13,5.419753086419753,311.15
1315,5514,0,7.8545454545454545,250.25
1316,5515,0,2.9726027397260273,750.45
1317,5516,0,4.6020408163265305,808.0
1318,5517,18,8.037037037037036,243.0
1319,5518,1,8.803921568627452,197.6
1320,5519,0,5.512195121951219,286.0
1321,5520,10,4.121495327102804,446.6
1322,5521,6,17.46153846153846,120.60000000000001
1323,5522,1,4.484210526315789,464.85
1324,5523,11,14.258064516129032,121.60000000000001
1325,5524,0,4.408163265306122,446.75
1326,5525,7,5.36,323.2
1327,5526,1,7.274193548387097,230.25
1328,5527,1,5.131944444444445,655.05
1329,5528,1,4.362745098039215,608.45
1330,5529,21,19.347826086956523,72.0
1331,5530,1,3.8073394495412844,483.3
1332,5531,16,4.245283018867925,466.95
1333,5532,1,3.6153846153846154,415.15000000000003
1334,5533,4,5.369047619047619,374.3
1335,5534,6,5.623376623376624,306.5
1336,5535,1,2.5636363636363635,614.4
1337,5536,1,2.4176470588235293,811.05
1338,5537,1,5.72,349.35
1339,5538,0,3.8468468468468466,842.3
1340,5539,2,6.6231884057971016,367.15
1341,5540,18,10.279069767441861,275.0
1342,5541,1,11.736842105263158,271.95
1343,5542,0,3.7416666666666667,485.49
1344,5543,1,6.850746268656716,309.6
1345,5544,0,4.083333333333333,499.8
1346,5545,0,3.0719424460431655,663.9
1347,5546,1,4.551020408163265,355.45
1348,5547,0,5.067415730337078,493.25
1349,5548,0,2.1597938144329896,810.1
1350,5549,21,13.147058823529411,144.75
1351,5550,0,2.8993288590604025,642.9
1352,5551,1,13.545454545454545,119.0
1353,5552,15,6.938461538461539,306.25
1354,5553,3,4.52,743.6
1355,5554,0,4.376237623762377,461.75
1356,5555,18,8.090909090909092,225.0
1357,5556,0,7.125,313.5
1358,5557,1,4.610526315789474,367.75
1359,5558,24,7.857142857142857,263.75
1360,5559,9,3.3206106870229006,503.9
1361,5560,1,8.290909090909091,281.7
1362,5561,0,8.074074074074074,186.0
1363,5562,0,3.76271186440678,514.45
1364,5563,0,2.3097826086956523,896.65
1365,5564,1,3.5934959349593494,595.05
1366,5565,17,6.333333333333333,276.0
1367,5566,0,3.9107142857142856,490.0
1368,5567,0,5.5375,320.55
1369,5568,4,3.8260869565217392,588.5
1370,5569,16,18.434782608695652,81.6
1371,5570,1,3.2706766917293235,707.75
1372,5571,2,3.4516129032258065,596.82
1373,5572,8,5.556962025316456,413.4
1374,5573,1,3.4761904761904763,508.3
1375,5574,28,19.782608695652176,102.0
1376,5575,0,3.1285714285714286,531.85
1377,5576,1,3.1374045801526718,626.0
1378,5577,1,3.5,517.1
1379,5578,1,3.392,555.1
1380,5579,8,8.843137254901961,301.5
1381,5580,8,4.739130434782608,498.5
1382,5581,1,2.9295774647887325,574.45
1383,5582,14,6.619047619047619,512.8
1384,5583,1,2.831081081081081,545.55
1385,5584,17,10.926829268292684,150.25
1386,5585,5,4.556701030927835,549.35
1387,5586,3,5.76,535.25
1388,5587,0,5.96,338.15
1389,5588,7,6.567164179104478,261.40000000000003
1390,5589,12,41.36363636363637,72.0
1391,5590,0,4.645161290322581,597.35
1392,5591,0,9.019607843137255,308.85
1393,5592,1,2.5575757575757576,727.4
1394,5593,20,13.96875,162.9
1395,5594,1,3.3412698412698414,464.45
1396,5595,0,5.186046511627907,446.05
1397,5596,2,5.127906976744186,730.6
1398,5597,0,3.6134453781512605,580.0
1399,5598,16,2.5352941176470587,1102.9
1400,5599,17,7.4655172413793105,250.4
1401,5600,0,3.4285714285714284,596.7
1402,5601,1,5.168674698795181,376.8
1403,5602,5,6.434782608695652,294.25
1404,5603,5,4.101851851851852,422.45
1405,5604,0,7.475409836065574,299.0
1406,5605,0,5.011363636363637,328.5
1407,5606,12,8.843137254901961,179.84
1408,5607,0,3.197080291970803,622.45
1409,5608,1,3.8839285714285716,509.1
1410,5609,5,4.933333333333334,485.2
1411,5610,1,3.4761904761904763,705.25
1412,5611,1,2.363095238095238,746.9
1413,5612,3,3.0437956204379564,624.85
1414,5613,5,3.892857142857143,480.8
1415,5614,1,13.588235294117647,151.1
1416,5615,1,8.0,309.3
1417,5616,1,6.617647058823529,269.9
1418,5617,0,4.760869565217392,517.7
1419,5618,0,7.426229508196721,230.75
1420,5619,3,2.4698795180722892,815.1
1421,5620,0,3.159090909090909,724.15
1422,5621,6,11.763157894736842,134.45000000000002
1423,5622,3,12.5,189.6
1424,5623,0,3.2056737588652484,843.28
1425,5624,0,4.19,432.2
1426,5625,1,3.0839160839160837,795.2
1427,5626,1,7.158730158730159,353.25
1428,5627,0,2.1139896373056994,909.5
1429,5628,16,6.8307692307692305,244.6
1430,5629,1,4.739130434782608,455.7
1431,5630,0,3.4919354838709675,596.75
1432,5631,20,7.17741935483871,270.25
1433,5632,1,3.308270676691729,876.95
1434,5633,1,5.947368421052632,227.75
1435,5634,11,4.51063829787234,483.5
1436,5635,0,6.442857142857143,318.5
1437,5636,1,2.946308724832215,768.9
1438,5637,6,3.145985401459854,588.35
1439,5638,8,5.69620253164557,310.95
1440,5639,18,11.025,181.0
1441,5640,1,10.604651162790697,141.2
1442,5641,0,3.6050420168067228,458.5
1443,5642,7,4.133333333333334,555.2
1444,5643,0,6.098591549295775,298.75
1445,5644,0,3.6186440677966103,555.5
1446,5645,1,8.160714285714286,348.9
1447,5646,0,3.2888888888888888,648.5
1448,5647,1,5.445783132530121,308.5
1449,5648,1,10.952380952380953,226.5
1450,5649,2,5.725,512.0
1451,5650,16,7.491525423728813,262.5
1452,5651,1,3.586206896551724,652.4
1453,5652,0,4.51,992.1
1454,5653,16,6.23943661971831,511.8
1455,5654,0,3.9910714285714284,476.05
1456,5655,2,4.383838383838384,529.05
1457,5656,0,3.739130434782609,690.8
1458,5657,1,4.659574468085107,408.8
1459,5658,1,2.972027972027972,589.0
1460,5659,23,19.391304347826086,174.5
1461,5660,13,4.728260869565218,418.95
1462,5661,1,4.670212765957447,464.55
1463,5662,0,5.382352941176471,810.95
1464,5663,11,4.932584269662922,338.25
1465,5664,18,11.285714285714286,208.7
1466,5665,6,6.222222222222222,284.9
1467,5666,6,7.593220338983051,303.5
1468,5667,0,2.363128491620112,879.7
1469,5668,0,56.75,22.05
1470,5669,1,3.9444444444444446,476.4
1471,5670,0,7.035398230088496,541.25
1472,5671,0,3.711864406779661,636.85
1473,5672,2,3.376923076923077,596.8
1474,5673,3,2.235602094240838,826.05
1475,5674,0,2.230366492146597,685.9
1476,5675,3,7.015873015873016,238.85
1477,5676,0,6.428571428571429,273.8
1478,5677,8,2.7320261437908497,692.4
1479,5678,0,2.7943262411347516,829.9
1480,5679,7,11.341463414634147,190.0
1481,5680,1,6.138888888888889,254.5
1482,5681,1,5.045977011494253,628.75
1483,5682,0,9.5,197.3
1484,5683,4,4.393939393939394,270.95
1485,5684,0,3.3968253968253967,455.6
1486,5685,1,3.0068965517241377,571.1
1487,5686,2,7.274193548387097,257.3
1488,5687,4,3.92964824120603,862.45
1489,5688,5,3.3384615384615386,913.2
1490,5689,0,5.215909090909091,318.75
1491,5690,3,5.933333333333334,361.25
1492,5691,2,4.577319587628866,433.5
1493,5692,0,4.978021978021978,326.5
1494,5693,22,11.64102564102564,260.0
1495,5694,4,6.123287671232877,308.9
1496,5695,5,4.233009708737864,430.1
1497,5696,1,3.675438596491228,498.9
1498,5697,1,4.448979591836735,442.9
1499,5698,7,8.653846153846153,283.6
1500,5699,13,4.128712871287129,592.4
1501,5700,4,3.875,528.3
1502,5701,0,4.421568627450981,371.5
1503,5702,16,3.3015873015873014,686.5
1504,5703,1,3.8333333333333335,451.7
1505,5704,1,1.6627450980392158,1164.2
1506,5705,0,3.920353982300885,527.25
1507,5706,18,10.30232558139535,178.4
1508,5707,0,5.159090909090909,324.45
1509,5708,7,7.655172413793103,213.8
1510,5709,1,4.055045871559633,432.3
1511,5710,25,24.944444444444443,119.0
1512,5711,1,4.085714285714285,665.35
1513,5712,1,4.20952380952381,510.75
1514,5713,1,4.774193548387097,371.55
1515,5714,0,6.309859154929577,252.6
1516,5715,0,5.921052631578948,353.0
1517,5716,2,5.27710843373494,473.5
1518,5717,3,5.325301204819277,573.75
1519,5718,5,6.536231884057971,366.0
1520,5719,0,3.669491525423729,574.05
1521,5720,16,3.9454545454545453,884.4
1522,5721,7,4.009433962264151,540.0
1523,5722,7,4.474226804123711,478.09999999999997
1524,5723,0,9.428571428571429,160.4
1525,5724,0,3.390625,557.75
1526,5725,1,7.39344262295082,231.8
1527,5726,0,5.457831325301205,321.5
1528,5727,1,5.056179775280899,479.5
1529,5728,1,3.2890625,744.9
1530,5729,1,8.054545454545455,258.0
1531,5730,21,7.631578947368421,274.15
1532,5731,0,3.6724137931034484,468.9
1533,5732,0,2.3351648351648353,856.0
1534,5733,17,9.0,202.45000000000002
1535,5734,0,4.376237623762377,550.3
1536,5735,0,4.638297872340425,429.25
1537,5736,11,5.930555555555555,366.45
1538,5737,0,4.875,459.85
1539,5738,2,5.620253164556962,369.35
1540,5739,1,2.758169934640523,810.0
1541,5740,0,2.306451612903226,797.45
1542,5741,1,21.454545454545453,138.5
1543,5742,1,9.382978723404255,236.0
1544,5743,1,3.84070796460177,465.15
1545,5744,1,5.450704225352113,649.6
1546,5745,0,4.39,647.0
1547,5746,0,3.13768115942029,618.35
1548,5747,0,3.5867768595041323,593.15
1549,5748,1,8.327272727272728,232.0
1550,5749,6,9.5,240.20000000000002
1551,5750,6,4.111111111111111,402.95
1552,5751,6,6.166666666666667,402.7
1553,5752,10,3.4516129032258065,522.8
1554,5753,0,6.90625,194.05
1555,5754,3,2.763157894736842,880.85
1556,5755,2,15.3,177.5
1557,5756,2,3.849557522123894,487.5
1558,5757,2,3.8421052631578947,514.15
1559,5758,0,3.246153846153846,545.45
1560,5759,3,9.545454545454545,159.6
1561,5760,1,3.767857142857143,523.05
1562,5761,21,3.6491228070175437,428.75
1563,5762,16,8.017857142857142,290.0
1564,5763,0,4.618556701030927,306.1
1565,5764,0,4.411764705882353,469.45
1566,5765,0,3.780701754385965,1117.4
1567,5766,1,6.23943661971831,317.7
1568,5767,1,4.515463917525773,491.5
1569,5768,4,3.7241379310344827,515.45
1570,5769,0,2.5697674418604652,1250.25
1571,5770,10,4.804347826086956,275.0
1572,5771,5,7.241935483870968,313.25
1573,5772,3,7.377049180327869,502.0
1574,5773,0,9.46938775510204,221.25
1575,5774,20,7.389830508474576,185.70000000000002
1576,5775,10,9.652173913043478,268.5
1577,5776,0,2.7721518987341773,970.0
1578,5777,9,2.5180722891566263,636.05
1579,5778,4,2.4878048780487805,934.1999999999999
1580,5779,1,6.422535211267606,316.65
1581,5780,0,4.35,306.4
1582,5781,0,5.7894736842105265,336.7
1583,5782,0,3.3157894736842106,614.0
1584,5783,0,4.356435643564357,530.9
1585,5784,20,41.36363636363637,72.0
1586,5785,0,2.65,663.45
1587,5786,0,2.6625766871165646,813.0
1588,5787,0,4.54,394.59999999999997
1589,5788,19,8.403846153846153,145.1
1590,5789,1,4.604166666666667,577.25
1591,5790,2,3.8947368421052633,698.65
1592,5791,0,4.885057471264368,598.8
1593,5792,1,5.866666666666666,327.6
1594,5793,1,6.1506849315068495,406.59999999999997
1595,5794,0,7.270833333333333,399.25
1596,5795,0,2.9594594594594597,634.65
1597,5796,1,2.720496894409938,636.95
1598,5797,0,5.195402298850575,364.2
1599,5798,7,3.782608695652174,511.95
1600,5799,1,4.325842696629214,729.5
1601,5800,0,7.540983606557377,245.45
1602,5801,6,29.933333333333334,95.2
1603,5802,9,7.080645161290323,344.8
1604,5803,0,4.919540229885057,404.55
1605,5804,4,3.8947368421052633,653.45
1606,5805,1,4.73404255319149,370.8
1607,5806,1,2.64375,638.15
1608,5807,6,2.5481927710843375,633.05
1609,5808,0,4.166666666666667,581.75
1610,5809,1,5.907894736842105,374.5
1611,5810,5,7.17741935483871,358.5
1612,5811,14,5.7894736842105265,328.8
1613,5812,0,8.053571428571429,329.3
1614,5813,18,20.5,64.0
1615,5814,0,7.4655172413793105,191.6
1616,5815,1,3.44,514.25
1617,5816,1,7.03125,244.0
1618,5817,0,2.7254901960784315,808.7
1619,5818,4,3.050724637681159,698.33
1620,5819,0,8.94,224.0
1621,5820,12,3.596638655462185,449.5
1622,5821,1,3.6923076923076925,518.05
1623,5822,1,5.1976744186046515,422.2
1624,5823,0,4.530612244897959,521.5
1625,5824,1,2.915492957746479,744.8
1626,5825,6,3.8392857142857144,576.5
1627,5826,3,3.3846153846153846,617.6
1628,5827,1,2.1510416666666665,1316.3
1629,5828,1,5.92,266.0
1630,5829,11,1.8552036199095023,928.1
1631,5830,2,5.8,578.3
1632,5831,8,4.909090909090909,387.0
1633,5832,1,2.95,722.7
1634,5833,0,5.409638554216867,363.5
1635,5834,19,8.283018867924529,163.8
1636,5835,1,3.9454545454545453,479.25
1637,5836,12,11.024390243902438,241.0
1638,5837,0,15.931034482758621,75.0
1639,5838,0,10.590909090909092,175.2
1640,5839,19,7.586206896551724,250.6
1641,5840,0,8.178571428571429,278.25
1642,5841,15,8.547169811320755,268.95
1643,5842,7,3.1603053435114505,779.85
1644,5843,1,5.743589743589744,306.85
1645,5844,6,10.0,219.0
1646,5845,3,4.08256880733945,499.55
1647,5846,1,3.6639344262295084,595.9
1648,5847,7,2.540372670807453,750.0
1649,5848,1,5.7894736842105265,320.4
1650,5849,0,11.717948717948717,220.0
1651,5850,0,4.48,419.5
1652,5851,1,7.109375,291.2
1653,5852,0,4.625,597.6
1654,5853,3,4.531914893617022,533.6
1655,5854,1,2.8506493506493507,801.7
1656,5855,8,7.258064516129032,333.75
1657,5856,0,5.426829268292683,270.5
1658,5857,9,4.494845360824742,386.0
1659,5858,2,2.8859060402684564,839.75
1660,5859,11,10.418604651162791,169.2
1661,5860,3,3.892857142857143,574.2
1662,5861,1,2.823529411764706,685.95
1663,5862,1,4.150943396226415,656.7
1664,5863,11,6.90625,315.5
1665,5864,0,2.6604938271604937,686.75
1666,5865,1,4.677083333333333,387.9
1667,5866,4,4.009345794392523,676.5
1668,5867,0,2.280701754385965,819.95
1669,5868,19,6.36231884057971,339.59999999999997
1670,5869,3,9.933333333333334,209.5
1671,5870,0,5.653846153846154,409.05
1672,5871,0,3.5161290322580645,558.65
1673,5872,0,4.714285714285714,480.45
1674,5873,0,6.366197183098592,244.75
1675,5874,12,3.1544117647058822,601.95
1676,5875,0,13.545454545454545,215.0
1677,5876,6,3.8981481481481484,667.0
1678,5877,2,6.220588235294118,331.25
1679,5878,0,5.136363636363637,436.85
1680,5879,1,1.7792792792792793,950.7
1681,5880,0,3.370967741935484,590.35
1682,5881,1,3.416,657.9
1683,5882,0,5.141176470588236,311.2
1684,5883,0,2.68944099378882,790.05
1685,5884,0,6.371428571428571,434.0
1686,5885,0,5.381944444444445,598.05
1687,5886,3,4.663157894736842,580.7
1688,5887,4,4.326732673267327,457.8
1689,5888,0,7.39344262295082,251.0
1690,5889,11,5.986301369863014,267.75
1691,5890,11,6.191780821917808,245.55
1692,5891,1,6.907692307692308,385.4
1693,5892,16,5.826666666666667,305.95
1694,5893,24,7.423728813559322,250.85
1695,5894,4,4.510416666666667,437.8
1696,5895,0,3.689075630252101,584.4
1697,5896,0,4.054545454545455,475.5
1698,5897,2,10.674418604651162,212.5
1699,5898,0,7.030769230769231,275.3
1700,5899,1,3.213235294117647,695.5
1701,5900,0,4.291139240506329,745.55
1702,5901,1,3.2444444444444445,579.0
1703,5902,0,4.8901098901098905,333.05
1704,5903,2,7.241935483870968,237.1
1705,5904,0,4.215686274509804,477.75
1706,5905,19,9.0,253.65
1707,5906,0,3.0472103004291844,998.95
1708,5907,21,5.518987341772152,305.75
1709,5908,1,3.8181818181818183,620.25
1710,5909,1,4.943820224719101,455.65
1711,5910,5,6.815384615384615,344.6
1712,5911,1,4.36,543.3
1713,5912,5,2.689873417721519,693.95
1714,5913,0,7.409836065573771,258.40000000000003
1715,5914,16,5.632911392405063,337.45
1716,5915,1,3.4516129032258065,576.85
1717,5916,0,3.4919354838709675,815.7
1718,5917,1,4.406060606060606,811.45
1719,5918,0,5.697368421052632,326.35
1720,5919,2,2.804054054054054,661.35
1721,5920,2,4.133333333333334,477.35
1722,5921,0,6.890625,268.5
1723,5922,4,4.333333333333333,414.4
1724,5923,10,3.675213675213675,474.75
1725,5924,1,3.5166666666666666,465.7
1726,5925,0,3.4206349206349205,553.95
1727,5926,1,5.493975903614458,440.5
1728,5927,1,6.731343283582089,435.5
1729,5928,5,2.044776119402985,916.01
1730,5929,4,3.0,648.2
1731,5930,0,5.4,401.1
1732,5931,0,3.3934426229508197,513.1
1733,5932,1,4.121495327102804,493.75
1734,5933,1,3.2857142857142856,806.85
1735,5934,0,4.705263157894737,569.75
1736,5935,1,3.2781954887218046,389.65
1737,5936,4,14.46875,129.3
1738,5938,1,6.757575757575758,332.75
1739,5939,2,7.274193548387097,259.15
1740,5940,1,5.493827160493828,427.6
1741,5941,4,2.9788732394366195,553.65
1742,5942,16,7.672413793103448,319.75
1743,5943,0,8.327272727272728,323.4
1744,5944,1,2.511764705882353,891.25
1745,5945,0,10.204545454545455,247.6
1746,6000,2,0.0046753620408554715,415494.18
1747,8000,4,8.290909090909091,248.0
1748,8001,2,3.3671875,611.0
1749,8002,0,1.9411764705882353,810.5
1750,8003,3,1.9375,1127.55
1751,8004,6,4.955056179775281,425.05
1752,8005,6,3.990740740740741,462.7
1753,8006,6,2.2864864864864867,1106.8
1754,8007,2,2.5796178343949046,657.5
1755,8008,4,2.1914893617021276,683.85
1756,8009,0,1.2394822006472492,1194.15
1757,8010,2,2.959731543624161,722.45
1758,8011,2,1.8309859154929577,846.4
1759,8012,0,6.585714285714285,219.0
1760,8013,1,1.755458515283843,973.9
1761,8014,1,3.064748201438849,762.05
1762,8015,6,3.237037037037037,623.35
1763,8016,4,2.914285714285714,525.8
1764,8017,5,3.050359712230216,838.25
1765,8018,6,3.7280701754385963,479.8
1766,8019,3,1.3690036900369005,1281.95
1767,8020,2,3.689075630252101,697.5
1768,8021,6,2.918918918918919,727.25
1769,8022,8,1.6512605042016806,1104.25
1770,8023,0,3.2755905511811023,599.45
1771,8024,0,2.7449664429530203,689.5
1772,8025,3,1.47265625,1041.9
1773,8026,0,3.547008547008547,497.85
1774,8027,1,2.8819444444444446,631.1
1775,8028,2,5.095238095238095,375.15000000000003
1776,8029,0,2.68,679.9
1777,8030,0,4.5,724.55
1778,8031,4,3.257575757575758,514.2
1779,8032,1,2.461988304093567,952.45
1780,8033,3,1.6991150442477876,1165.7
1781,8034,2,2.0306122448979593,671.35
1782,8035,18,3.251968503937008,548.9
1783,8036,0,1.3824561403508773,1219.15
1784,8037,7,3.2535211267605635,900.0500000000001
1785,8038,16,8.277777777777779,183.0
1786,8039,0,1.9065420560747663,1042.45
1787,8040,10,3.3461538461538463,537.85
1788,8041,0,1.6150793650793651,1056.1
1789,8042,0,1.9074074074074074,1131.85
1790,8043,0,1.8837209302325582,964.65
1791,8044,1,2.7350993377483444,737.25
1792,8045,6,2.154639175257732,878.45
1793,8046,4,4.4526315789473685,523.5
1794,8047,3,6.219178082191781,304.5
1795,8048,0,2.0594059405940595,1762.25
1796,8049,7,2.6962025316455698,752.25
1797,8050,3,2.4911242603550297,862.3
1798,8051,0,4.583333333333333,344.7
1799,8052,0,2.3128491620111733,852.8
1800,8053,10,3.2761194029850746,510.6
1801,8054,2,2.0454545454545454,826.3
1802,8055,2,3.8173913043478263,361.35
1803,8056,2,2.3101604278074865,871.16
1804,8057,2,2.689873417721519,571.8
1805,8058,0,2.084577114427861,935.0
1806,8059,1,2.3603896103896105,1143.75
1807,8060,1,2.1968085106382977,851.05
1808,8061,5,2.03125,820.55
1809,8062,17,2.847826086956522,591.95
1810,8063,6,3.620967741935484,484.0
1811,8064,5,2.1344086021505375,915.8
1812,8065,3,3.8378378378378377,396.7
1813,8066,7,2.6746031746031744,933.8
1814,8067,3,3.357142857142857,491.25
1815,8068,7,2.8776978417266186,671.45
1816,8069,4,1.8644859813084111,972.3
1817,8070,6,2.386740331491713,773.5
1818,8071,10,1.3367697594501717,1371.6
1819,8072,0,1.3914590747330962,1172.35
1820,8073,6,2.532934131736527,749.15
1821,8074,17,2.5759493670886076,783.8
1822,8075,3,2.859060402684564,788.95
1823,8076,4,2.2527472527472527,812.75
1824,8077,0,2.789473684210526,701.55
1825,8078,2,5.273972602739726,615.95
1826,8079,3,2.099476439790576,995.1
1827,8080,1,1.7346938775510203,1200.45
1828,8081,1,2.335195530726257,779.1
1829,8082,0,4.877419354838709,607.15
1830,8083,5,3.0434782608695654,585.8
1831,8084,11,11.58974358974359,141.1
1832,8085,10,3.767857142857143,440.9
1833,8086,1,2.0193236714975846,870.7
1834,8087,15,2.642857142857143,653.5
1835,8088,0,3.0431654676258995,552.15
1836,8089,1,3.4596774193548385,484.9
1837,8090,2,3.8448275862068964,438.05
1838,8091,2,4.411764705882353,650.75
1839,8092,0,2.327683615819209,798.95
1840,8093,3,3.0921985815602837,540.9
1841,8094,6,2.7254901960784315,632.8
1842,8095,5,6.833333333333333,261.05
1843,8096,2,1.7927927927927927,931.5
1844,8097,0,2.885135135135135,608.5
1845,8098,3,3.2686567164179103,537.75
1846,8099,1,2.025252525252525,1340.2
1847,8100,2,2.4823529411764707,766.15
1848,8101,0,1.2619047619047619,1315.75
1849,8102,4,2.9452054794520546,537.2
1850,8103,20,8.074074074074074,222.7
1851,8104,4,2.4698795180722892,781.35
1852,8105,2,3.0567375886524824,689.95
1853,8106,4,2.310734463276836,1157.5
1854,8107,0,5.591240875912408,583.05
1855,8108,6,3.6083333333333334,470.95
1856,8109,3,1.7102040816326531,1317.45
1857,8110,1,2.696774193548387,689.7
1858,8111,1,2.3815028901734103,721.15
1859,8112,0,4.009009009009009,443.8
1860,8113,3,3.2072072072072073,919.35
1861,8114,2,2.3876404494382024,984.05
1862,8115,6,4.074766355140187,487.75
1863,8116,2,7.0,246.25
1864,8117,3,4.224719101123595,699.35
1865,8118,1,1.144694533762058,1503.05
1866,8119,6,3.8034188034188032,485.5
1867,8120,0,3.6166666666666667,496.85
1868,8121,0,1.7117903930131004,988.0
1869,8122,4,2.951388888888889,988.25
1870,8123,5,6.666666666666667,436.7
1871,8124,2,2.21505376344086,1259.3
1872,8125,9,3.4672131147540983,595.2
1873,8126,2,4.046296296296297,477.8
1874,8127,4,4.5625,417.6
1875,8128,0,1.6680672268907564,790.95
1876,8129,3,2.4327485380116958,826.45
1877,8130,10,3.265625,656.9
1878,8131,2,2.411111111111111,874.8
1879,8132,3,3.608695652173913,389.0
1880,8133,5,3.1865671641791047,557.25
1881,8134,5,2.0618556701030926,976.2
1882,8135,4,3.7241379310344827,515.7
1883,8136,4,3.1068702290076335,634.5
1884,8137,5,3.242424242424242,551.2
1885,8138,4,2.7586206896551726,1401.25
1886,8139,5,2.689873417721519,690.9
1887,8140,3,2.7973856209150325,697.4
1888,8141,2,4.152380952380953,655.9
1889,8142,3,1.8493150684931507,1059.35
1890,8143,7,4.1923076923076925,534.75
1891,8144,5,1.5133079847908746,1879.05
1892,8145,3,1.845132743362832,920.15
1893,8146,1,1.6790123456790123,1038.8
1894,8147,1,2.243333333333333,1481.45
1895,8148,0,2.0707070707070705,879.4
1896,8149,1,5.8283582089552235,533.05
1897,8150,2,3.3134328358208953,757.65
1898,8151,3,3.1297709923664123,520.85
1899,8152,1,1.7878787878787878,1114.05
1900,8153,0,4.375,400.45
1901,8154,2,1.9425837320574162,1030.8
1902,8155,0,3.540983606557377,683.2
1903,8156,5,3.0863309352517985,776.25
1904,8157,2,1.5770750988142292,1215.55
1905,8158,1,1.205211726384365,1215.9
1906,8159,0,1.9027777777777777,1045.95
1907,8160,1,2.9574468085106385,560.2
1908,8161,0,1.7672413793103448,1026.1
1909,8162,6,3.4508196721311477,431.2
1910,8163,1,3.5163934426229506,609.45
1911,8164,1,1.8644859813084111,959.5
1912,8165,2,1.791111111111111,971.75
1913,8166,1,2.283333333333333,700.75
1914,8167,0,2.710526315789474,1081.2
1915,8168,20,6.984375,366.7
1916,8169,5,1.9261083743842364,912.3
1917,8170,3,2.7025316455696204,729.1
1918,8171,5,4.966292134831461,389.25
1919,8172,1,2.341463414634146,697.25
1920,8173,8,1.7203389830508475,1220.05
1921,8174,0,3.0489510489510487,606.0
1922,8175,0,4.212962962962963,860.0
1923,8176,0,2.142857142857143,873.05
1924,8177,4,2.045918367346939,829.5
1925,8178,1,2.712418300653595,636.8
1926,8179,0,2.3220338983050848,750.15
1927,8180,1,1.6680672268907564,990.3
1928,8181,3,2.8552631578947367,681.25
1929,8182,4,2.3567251461988303,770.75
1930,8183,1,2.6923076923076925,641.2
1931,8184,1,2.2032085561497325,817.1
1932,8185,0,1.836283185840708,1158.15
1933,8186,10,2.4523809523809526,706.5
1934,8187,1,4.1420118343195265,735.9
1935,8188,4,2.1487179487179486,947.95
1936,8189,7,2.835616438356164,771.95
1937,8190,4,2.3699421965317917,787.2
1938,8191,1,1.8878504672897196,1058.95
1939,8192,0,2.05699481865285,1244.5
1940,8193,1,2.5341614906832297,656.55
1941,8194,1,4.943181818181818,412.8
1942,8195,0,2.082051282051282,746.5
1943,8196,0,1.575875486381323,995.35
1944,8197,2,2.437869822485207,931.85
1945,8198,11,12.108108108108109,226.0
1946,8199,9,3.807017543859649,528.3
1947,8200,4,2.266304347826087,754.7
1948,8201,0,2.3941176470588235,836.7
1949,8202,3,3.0354609929078014,683.05
1950,8203,8,9.4375,212.25
1951,8204,3,5.151162790697675,458.2
1952,8205,0,2.9361702127659575,621.75
1953,8206,9,1.8558139534883722,1001.4
1954,8207,1,4.59375,476.1
1955,8208,2,2.044776119402985,884.2
1956,8209,5,3.028776978417266,731.95
1957,8210,13,2.17877094972067,765.5
1958,8211,4,3.180451127819549,575.15
1959,8212,2,4.163043478260869,873.3
1960,8213,2,2.2905027932960893,851.65
1961,8214,7,2.511764705882353,661.75
1962,8215,4,4.027522935779817,419.0
1963,8216,0,3.9272727272727272,410.2
1964,8217,6,3.1185185185185187,638.0
1965,8218,3,1.830188679245283,821.2
1966,8219,3,3.2511210762331837,830.05
1967,8220,0,1.7802690582959642,796.45
1968,8221,2,3.606382978723404,775.4
1969,8222,3,1.9414634146341463,859.2
1970,8223,2,2.5209580838323356,909.8
1971,8224,5,1.9803921568627452,903.4
1972,8225,2,1.7130801687763713,1234.5
1973,8226,2,1.3731884057971016,1277.45
1974,8227,2,3.977777777777778,1293.45
1975,8228,0,1.7085201793721974,903.2
1976,8229,1,2.316666666666667,926.35
1977,8230,4,5.046052631578948,711.0
1978,8231,0,2.9574468085106385,824.1
1979,8232,2,4.875,367.8
1980,8233,1,5.045977011494253,364.75
1981,8234,5,3.371900826446281,660.5
1982,8235,5,5.36144578313253,569.25
1983,8236,4,2.0,853.65
1984,8237,5,4.920454545454546,446.6
1985,8238,3,5.594936708860759,312.0
1986,8239,0,3.8448275862068964,535.5
1987,8240,6,4.067961165048544,383.1
1988,8241,5,1.970873786407767,848.6
1989,8242,3,2.386100386100386,1102.15
1990,8243,3,2.99290780141844,633.3
1991,8244,3,2.6134969325153374,659.6
1992,8245,0,2.06282722513089,1008.6
1993,8246,4,2.6163522012578615,604.5
1994,8247,7,3.435483870967742,626.85
1995,8248,4,2.55,885.65
1996,8249,0,2.4761904761904763,741.8
1997,8250,2,2.915492957746479,649.35
1998,8251,1,1.4596491228070176,1103.2
1999,8252,5,1.4866920152091254,1125.25
2000,8253,3,4.454545454545454,386.0
2001,8254,1,2.1666666666666665,913.85
2002,8255,3,1.9402985074626866,930.5
2003,8256,4,1.8248847926267282,1058.6
2004,8257,1,2.3641618497109826,1057.45
2005,8258,4,3.4098360655737703,617.05
2006,8259,15,2.5,735.95
2007,8260,0,1.4943820224719102,1054.05
2008,8261,2,1.6651982378854626,993.25
2009,8262,0,2.204301075268817,961.15
2010,8263,1,2.538922155688623,752.0
2011,8264,1,2.7880794701986753,640.95
2012,8265,2,2.9047619047619047,617.45
2013,8266,2,1.7737556561085972,1033.25
2014,8267,2,2.191256830601093,1415.9
2015,8268,0,2.503030303030303,823.1
2016,8269,1,2.0353535353535355,904.45
2017,8270,3,4.055045871559633,482.75
2018,8271,3,2.496969696969697,857.2
2019,8272,0,1.6081632653061224,1081.6
2020,8273,7,3.658333333333333,560.25
2021,8274,1,3.103448275862069,667.75
2022,8275,3,2.74025974025974,769.05
2023,8276,2,2.836734693877551,785.9
2024,8277,2,4.474747474747475,440.7
2025,8278,1,2.2580645161290325,765.4
2026,8279,3,1.7841409691629957,1147.3
2027,8280,0,2.713375796178344,834.45
2028,8281,0,1.9852941176470589,846.7
2029,8282,1,1.748878923766816,1109.15
2030,8283,0,3.7777777777777777,758.4
2031,8284,8,2.9432624113475176,512.35
2032,8285,0,0.997093023255814,1782.2
2033,8286,5,3.18796992481203,787.25
2034,8287,5,3.547008547008547,617.05
2035,8288,0,3.036231884057971,674.5
2036,8289,1,2.1390374331550803,1317.15
2037,8290,3,3.2213740458015265,761.25
2038,8291,4,2.9791666666666665,651.5
2039,8292,3,2.73972602739726,633.7
2040,8293,3,8.326923076923077,216.0
2041,8294,2,2.6993464052287583,774.6
2042,8295,3,3.292307692307692,732.55
2043,8296,7,2.357541899441341,776.6
2044,8297,0,1.4036363636363636,1495.15
2045,8298,1,4.144230769230769,672.75
2046,8299,9,4.857142857142857,402.25
2047,8300,1,2.6352201257861636,822.85
2048,8301,0,2.2989130434782608,1060.05
2049,8302,0,6.236111111111111,279.5
2050,8303,7,4.2485549132947975,668.55
2051,8304,14,3.6016949152542375,616.75
2052,8305,0,3.227272727272727,573.25
2053,8306,3,2.4678362573099415,736.25
2054,8307,3,2.152173913043478,819.1
2055,8308,0,6.082191780821918,293.5
2056,8309,0,4.180952380952381,439.5
2057,8310,3,2.0452261306532664,1245.8
2058,8311,0,2.8346153846153848,3308.4
2059,8312,0,2.774193548387097,707.25
2060,8313,4,2.4878048780487805,740.0
2061,8314,2,2.6,650.0
2062,8315,3,3.675213675213675,470.65
2063,8316,3,2.5748502994011977,1306.8
2064,8317,1,3.6403508771929824,591.75
2065,8318,0,1.7081545064377683,862.0
2066,8319,0,2.1099476439790577,1003.23
2067,8320,4,3.2,545.25
2068,8321,1,2.397727272727273,733.6
2069,8322,0,1.239864864864865,1234.55
2070,8323,9,2.086734693877551,1109.2
2071,8324,1,2.272727272727273,753.95
2072,8325,23,4.681318681318682,393.5
2073,8326,1,3.0814814814814815,525.5
2074,8327,4,2.0253807106598987,855.7
2075,8328,1,2.037433155080214,896.8
2076,8329,4,2.895104895104895,663.0
2077,8330,4,4.593939393939394,600.8
2078,8331,3,3.663716814159292,530.45
2079,8332,1,4.912087912087912,309.75
2080,8333,0,3.3984375,591.25
2081,8334,5,2.488095238095238,731.0
2082,8335,2,2.094240837696335,1106.3
2083,8336,0,1.6115702479338843,915.6
2084,8337,3,3.0575539568345325,515.45
2085,8338,0,3.0,669.5
2086,8339,4,2.591194968553459,814.7
2087,8340,0,2.2752808988764044,890.95
2088,8341,2,2.130952380952381,1759.95
2089,8342,1,4.387755102040816,630.15
2090,8343,5,3.4274193548387095,538.6
2091,8344,0,2.136125654450262,766.55
2092,8345,1,1.6072874493927125,1102.2
2093,8346,1,3.30188679245283,896.7
2094,8347,11,2.005,1010.25
2095,8348,0,3.2232142857142856,984.15
2096,8349,5,2.9715447154471546,1036.95
2097,8350,4,2.7721518987341773,756.65
2098,8351,4,1.9950248756218905,1030.15
2099,8352,2,2.1041666666666665,745.9
2100,8353,1,1.6593886462882097,1237.55
2101,8354,4,7.442622950819672,269.0
2102,8355,6,2.7583892617449663,756.8
2103,8356,9,3.2338709677419355,560.3
2104,8357,2,2.216666666666667,662.5
2105,8358,2,3.484126984126984,531.8
2106,8359,0,2.106060606060606,896.35
2107,8360,4,2.55688622754491,625.8
2108,8361,7,1.8151658767772512,939.55
2109,8362,1,3.53781512605042,608.45
2110,8363,2,3.007042253521127,688.25
2111,8364,6,1.3714285714285714,1360.0
2112,8365,0,1.9593908629441625,1338.95
2113,8366,0,3.911504424778761,518.25
2114,8367,4,3.646551724137931,552.0
2115,8368,5,2.0306122448979593,972.45
2116,8369,6,2.2346368715083798,777.5
2117,8370,7,1.3882783882783882,1219.05
2118,8371,0,3.596774193548387,513.4
2119,8372,2,3.1417910447761193,634.0
2120,8373,1,3.0443548387096775,1101.8
2121,8374,1,3.7551020408163267,803.2
2122,8375,1,1.3275261324041812,1343.4
2123,8376,0,3.180451127819549,607.6
2124,8377,11,3.509433962264151,870.3
2125,8378,3,1.7866666666666666,912.8
2126,8379,0,2.532934131736527,793.64
2127,8380,1,2.6125,698.35
2128,8381,3,2.1088082901554404,847.6
2129,8382,1,1.4323308270676691,1296.45
2130,8383,3,2.020942408376963,848.2
2131,8384,0,1.1730769230769231,1488.9
2132,8385,0,2.7635135135135136,688.65
2133,8386,1,2.6706349206349205,1174.0
2134,8387,0,3.544943820224719,719.25
2135,8388,1,2.8378378378378377,772.25
2136,8389,2,2.64375,671.2
2137,8390,12,2.3532934131736525,703.7
2138,8391,2,5.740259740259741,421.25
2139,8392,3,3.263440860215054,839.2
2140,8393,0,2.6604938271604937,700.5
2141,8394,1,2.4437869822485205,913.4
2142,8395,1,1.337837837837838,1235.65
2143,8396,4,1.867298578199052,900.55
2144,8397,1,1.5506072874493928,1186.65
2145,8398,6,5.204819277108434,326.9
2146,8399,0,3.3181818181818183,518.6
2147,8400,2,2.331460674157303,637.05
2148,8401,0,4.47887323943662,498.7
2149,8402,10,6.164383561643835,348.05
2150,8403,0,2.437125748502994,782.7
2151,8404,6,3.3149606299212597,560.25
2152,8405,6,3.223076923076923,637.7
2153,8406,5,1.8831775700934579,1021.55
2154,8407,1,2.5217391304347827,732.6
2155,8408,2,3.7589285714285716,551.9
2156,8409,11,3.093525179856115,593.75
2157,8410,0,1.3689655172413793,1645.6
2158,8411,2,2.09375,879.0
2159,8412,0,2.508771929824561,768.1
2160,8413,2,2.040201005025126,907.1
2161,8414,8,1.9701492537313432,969.1
2162,8415,6,2.3657142857142857,665.75
2163,8416,16,5.531645569620253,361.5
2164,8417,1,2.269662921348315,781.45
2165,8418,5,3.111111111111111,721.0
2166,8419,0,3.0,683.5
2167,8420,0,2.233695652173913,934.2
2168,8421,1,5.861111111111111,366.55
2169,8422,3,3.110294117647059,783.75
2170,8423,3,1.565217391304348,1204.1
2171,8424,3,2.3988095238095237,666.45
2172,8425,4,2.547169811320755,895.5
2173,8426,7,3.4878048780487805,455.6
2174,8427,6,2.1390374331550803,746.8
2175,8428,2,2.9176470588235293,1170.45
2176,8429,0,3.2009132420091326,899.9
2177,8430,0,3.2578125,626.5
2178,8431,0,4.115384615384615,483.7
2179,8432,5,3.203125,482.0
2180,8433,11,4.898876404494382,405.0
2181,8434,1,2.936619718309859,644.3
2182,8435,6,2.8322147651006713,700.45
2183,8436,5,2.168421052631579,856.05
2184,8437,2,2.269662921348315,688.15
2185,8438,4,1.9653465346534653,940.45
2186,8439,0,2.9517241379310346,602.25
2187,8440,0,1.6224899598393574,1043.94
2188,8441,0,2.065,914.65
2189,8442,2,4.12962962962963,527.7
2190,8443,2,2.1036269430051813,953.6
2191,8444,2,2.48,943.6
2192,8445,2,2.398843930635838,849.05
2193,8446,2,1.369718309859155,1289.25
2194,8447,1,2.6956521739130435,692.7
2195,8448,6,2.4879518072289155,587.25
2196,8449,2,4.142857142857143,450.55
2197,8450,0,2.6646341463414633,687.05
2198,8451,4,2.9246575342465753,565.95
2199,8452,6,3.814159292035398,483.25
2200,8453,5,2.1041666666666665,1019.9
2201,8454,6,4.313725490196078,412.0
2202,8455,2,3.207729468599034,847.4
2203,8456,2,3.719298245614035,529.0
2204,8457,0,2.2,824.15
2205,8458,4,2.8435374149659864,749.35
2206,8459,4,2.0096153846153846,1369.0
2207,8460,0,4.521739130434782,830.85
2208,8461,2,1.7757847533632287,908.75
2209,8462,1,2.539877300613497,772.85
2210,8463,0,1.9205607476635513,940.0
2211,8464,5,3.6810344827586206,581.9
2212,8465,1,3.028368794326241,571.1
2213,8466,3,2.559748427672956,622.75
2214,8467,1,5.640287769784172,650.5
2215,8468,4,3.75,519.75
2216,8469,0,3.028776978417266,672.55
2217,8470,0,3.0144927536231885,692.9
2218,8471,16,2.6887417218543046,556.75
2219,8472,2,1.5648854961832062,1114.5
2220,8473,12,5.142857142857143,316.75
2221,8474,6,7.398058252427185,429.45
2222,8475,5,2.061224489795918,766.0
2223,8476,5,3.1185185185185187,519.7
2224,8477,5,2.2555555555555555,711.8
2225,8478,2,3.1925925925925926,652.65
2226,8479,6,3.4126984126984126,558.95
2227,8480,6,2.0588235294117645,856.4
2228,8481,0,1.760180995475113,1018.15
2229,8482,6,2.61875,690.1
2230,8483,1,1.900473933649289,898.5
2231,8484,6,4.484536082474227,460.15
2232,8485,1,2.349726775956284,801.8
2233,8486,0,2.2063492063492065,808.35
2234,8487,2,1.9761904761904763,869.0
2235,8488,5,2.32,805.9
2236,8489,0,2.310344827586207,875.4
2237,8490,7,3.296875,626.0
2238,8491,1,3.765217391304348,644.55
2239,8492,1,1.7577092511013215,887.35
2240,8493,2,3.481132075471698,840.65
2241,8494,3,2.2841530054644807,1042.5
2242,8495,3,2.1804123711340204,932.8
2243,8496,0,3.0214285714285714,664.0
2244,8497,4,3.304,674.05
2245,8498,2,4.264705882352941,457.5
2246,8499,0,3.111111111111111,656.5
2247,8500,3,1.620253164556962,1018.65
2248,8501,1,7.125,298.75
2249,8600,0,0.00268634714975658,474644.23
